OBJECTID,YeshuvName,Dunam,AnafName,AnafSub,GrowthEng,CoverTypeE,kWh/kPW,Muni_Eng,Machoz,area_sqm (GIS),Energy production (tracking) mln kWh/year,Energy production (fix) mln kWh/year,Energy production (tracking) mln kWh/year,Energy production (fix) mln kWh/year,Potential revenue fron energy production (tracking) mln NIS,Potential revenue fron energy production (fix) mln NIS,Feasability to install PVs?,Average influence of PV on crops,Average KG per dunham,"Average price per KG, NIS","Potential revenue from crops before PV, mln NIS","Potential revenue from crops after PV, mln NIS",Added value on income from crops after PV (mln NIS),"Total revenue, mln NIS","added value from PV, mln NIS"
110,vineyard בן זמרה,18.40,plantations,deciduous,Plantations,Open Area,1805,Merom Hagalil,North,18412.40,2.89,1.96,2.889444,1.959508,0.8668332,0.5878524,1,1,1000,8,0.1472,0.1472,0,0.32346096,0.17626096
498,vineyard בן זמרה,5.01,plantations,deciduous,Plantations,Open Area,1785,Merom Hagalil,North,5011.70,0.78,0.53,0.778269291,0.527791818,0.233480787,0.158337545,1,1,1000,8,0.040092433,0.040092433,0,0.087390478,0.047298045
563,vineyard בן זמרה,8.88,plantations,deciduous,Plantations,Open Area,1785,Merom Hagalil,North,8883.30,1.38,0.94,1.379491557,0.935517263,0.413847467,0.280655179,1,1,1000,8,0.071064313,0.071064313,0,0.154900659,0.083836346
601,vineyard בן זמרה,6.44,plantations,deciduous,Plantations,Open Area,1785,Merom Hagalil,North,6444.48,1.00,0.68,1.000767013,0.678681077,0.300230104,0.203604323,1,1,1000,8,0.051554371,0.051554371,0,0.112374352,0.060819981
334,"vineyard מהר""ל",6.10,plantations,olives,Plantations,Open Area,1715,Hof Hacarmel,Haifa,6121.66,0.91,0.62,0.9101505,0.6172285,0.27304515,0.18516855,1,1,1000,8,0.0488,0.0488,0,0.10334742,0.05454742
226,אבו סנאן,6.55,plantations,olives,Plantations,Open Area,1725,Abu Snan,North,6548.17,0.98,0.67,0.982675176,0.666411901,0.294802553,0.19992357,1,1,1000,8,0.052383151,0.052383151,0,0.111399319,0.059016168
279,אבו קורינאת,23.10,others,open area crops,Vegetables & field crops in uncovered area,Open Area,1885,Neve Midbar,South,23093.40,3.79,2.57,3.7882845,2.5690665,1.13648535,0.77071995,1,1,2000,5,0.231,0.231,0,0.44688798,0.21588798
979,אבו תלול,15.90,others,open area crops,Vegetables & field crops in uncovered area,Open Area,1875,Neve Midbar,South,15889.10,2.59,1.76,2.5936875,1.7589375,0.77810625,0.52768125,1,1,2000,5,0.159,0.159,0,0.3064725,0.1474725
684,אביאל,4.40,plantations,deciduous,Plantations,Open Area,1725,Alona,Haifa,4361.39,0.65,0.44,0.66033,0.44781,0.198099,0.134343,1,1,1000,8,0.0352,0.0352,0,0.0748572,0.0396572
991,אביאל,6.70,field crops,field crops general,Vegetables & field crops in uncovered area,Open Area,1725,Alona,Haifa,6739.09,1.01,0.69,1.0055025,0.6818925,0.30165075,0.20456775,1,1.04,2000,2,0.0268,0.027872,0.001072,0.0985503,0.0706783
740,אביבים,3.11,plantations,deciduous,Plantations,Open Area,1805,Merom Hagalil,North,3113.11,0.49,0.33,0.488852505,0.331520664,0.146655752,0.099456199,1,1,1000,8,0.02490413,0.02490413,0,0.054724958,0.029820828
201,אביחיל,6.15,others,open area crops,Vegetables & field crops in uncovered area,Open Area,1765,Emek Hefer,Center,6153.68,0.94,0.64,0.944909573,0.640800745,0.283472872,0.192240223,1,1,2000,5,0.061535578,0.061535578,0,0.113817436,0.052281858
153,אביחיל,4.68,citrus,peelables,Citrus,Open Area,1765,Emek Hefer,Center,4680.74,0.72,0.49,0.718736818,0.487419221,0.215621045,0.146225766,1,1.03,4000,6,0.112335539,0.115705605,0.003370066,0.127913669,0.012208065
994,אביטל,8.40,vegetables,general vegetables,Vegetables & field crops in uncovered area,Open Area,1745,Hagilbo'a,North,8400.04,1.28,0.86,1.275246,0.864822,0.3825738,0.2594466,1,1.1,2000,5,0.084,0.0924,0.0084,0.15921864,0.06681864
203,אביטל,6.60,citrus,grapefruits,Citrus,Open Area,1745,Hagilbo'a,North,6610.37,1.00,0.68,1.001979,0.679503,0.3005937,0.2038509,1,1.03,4000,4,0.1056,0.108768,0.003168,0.14680116,0.03803316
539,אביטל,53.60,vegetables,periodic spices and herbs,Vegetables & field crops in uncovered area,Open Area,1745,Hagilbo'a,North,53644.80,8.14,5.52,8.137284,5.518388,2.4411852,1.6555164,1,1.1,2000,3,0.3216,0.35376,0.03216,0.87446256,0.52070256
470,אבן יהודה,8.84,vegetables,general vegetables,Vegetables & field crops in uncovered area,Open Area,1765,Even Yehuda,Center,8838.15,1.36,0.92,1.357113584,0.920341396,0.407134075,0.276102419,1,1.1,2000,5,0.088379641,0.097217606,0.008837964,0.168771531,0.071553925
451,אבן מנחם,4.90,plantations,deciduous,Plantations,Open Area,1745,Ma'ale Yosef,North,4940.90,0.75,0.51,0.7438935,0.5044795,0.22316805,0.15134385,1,1,1000,8,0.0392,0.0392,0,0.08405754,0.04485754
479,אבן מנחם,0.60,flowers,flowers nursery,Flowers,Greenhouse,1745,Ma'ale Yosef,North,629.12,0.10,0.06,0.091089,0.061773,0.0273267,0.0185319,1,1.05,500,20,0.006,0.0063,0.0003,0.01119276,0.00489276
757,אבן מנחם,4.38,non-processed,non-processed,Not cultivated,Open Area,1735,Ma'ale Yosef,North,4383.68,0.66,0.45,0.661667942,0.44871734,0.198500383,0.134615202,1,1,0,0,0,0,0,0.053846081,0.053846081
224,אבני איתן,3.25,plantations,deciduous,Plantations,Open Area,1775,Golan,North,3247.54,0.50,0.34,0.501511299,0.340105363,0.15045339,0.102031609,1,1,1000,8,0.025980835,0.025980835,0,0.056401144,0.03042031
918,אדירים,7.80,vegetables,general vegetables,Vegetables & field crops in uncovered area,Open Area,1745,Hagilbo'a,North,7810.92,1.19,0.8,1.184157,0.803049,0.3552471,0.2409147,1,1.1,2000,5,0.078,0.0858,0.0078,0.14784588,0.06204588
598,אדירים,5.50,non-processed,non-processed,Not cultivated,Open Area,1745,Hagilbo'a,North,5490.14,0.83,0.57,0.8349825,0.5662525,0.25049475,0.16987575,1,1,0,0,0,0,0,0.0679503,0.0679503
679,אדירים,24.80,others,open area crops,Vegetables & field crops in uncovered area,Open Area,1745,Hagilbo'a,North,24815.30,3.77,2.55,3.765012,2.553284,1.1295036,0.7659852,1,1,2000,5,0.248,0.248,0,0.45519408,0.20719408
759,אדמית,17.50,plantations,general plantation,Plantations,Open Area,1715,Ma'te Asher,North,17502.40,2.61,1.77,2.6110875,1.7707375,0.78332625,0.53122125,1,1,1000,5,0.0875,0.0875,0,0.2649885,0.1774885
980,אודם,6.10,plantations,general plantation,Plantations,Open Area,1795,Golan,North,6126.69,0.96,0.65,0.9526065,0.6460205,0.28578195,0.19380615,1,1,1000,5,0.0305,0.0305,0,0.09582246,0.06532246
780,אודם,4.10,plantations,olives,Plantations,Open Area,1745,Golan,North,4064.47,0.62,0.42,0.6224415,0.4221155,0.18673245,0.12663465,1,1,1000,8,0.0328,0.0328,0,0.07033386,0.03753386
913,אודם,7.60,plantations,vineyard,Plantations,Open Area,1825,Golan,North,7580.90,1.20,0.82,1.20669,0.81833,0.362007,0.245499,1,1,1000,20,0.152,0.152,0,0.1893996,0.0373996
719,אוהד,17.30,field crops,field crops general,Vegetables & field crops in uncovered area,Open Area,1825,Eshkol,South,17336.70,2.75,1.87,2.7468075,1.8627775,0.82404225,0.55883325,1,1.04,2000,2,0.0692,0.071968,0.002768,0.2667141,0.1947461
599,אוהד,2.30,flowers,flowers nursery,Flowers,Tunnels,1825,Eshkol,South,2310.19,0.37,0.25,0.3651825,0.2476525,0.10955475,0.07429575,1,1.05,500,20,0.023,0.02415,0.00115,0.0442083,0.0200583
838,אוהד,134.50,citrus,peelables,Citrus,Open Area,1825,Eshkol,South,134492.00,21.35,14.48,21.3552375,14.4822875,6.40657125,4.34468625,1,1.03,4000,6,3.228,3.32484,0.09684,3.7327785,0.4079385
275,אוהד,3.80,vegetables,tomatoes,Vegetables in covered area,Greenhouse,1825,Eshkol,South,3761.08,0.60,0.4,0.603345,0.409165,0.1810035,0.1227495,1,1.1,2000,6,0.0456,0.05016,0.00456,0.0791958,0.0290358
100,אום אל-פחם,0.81,plantations,olives,Plantations,Open Area,1735,Um al Fahem,Haifa,806.33,0.12,0.08,0.121706143,0.08253635,0.036511843,0.024760905,1,1,1000,8,0.006450357,0.006450357,0,0.013774576,0.007324219
160,אום אל-פחם,7.50,plantations,olives,Plantations,Open Area,1745,Um al Fahem,Haifa,7452.75,1.13,0.77,1.1386125,0.7721625,0.34158375,0.23164875,1,1,1000,8,0.06,0.06,0,0.1286595,0.0686595
805,אום בטין,2.90,plantations,olives,Plantations,Open Area,1835,al Kasum,South,2866.06,0.46,0.31,0.4629705,0.3139685,0.13889115,0.09419055,1,1,1000,8,0.0232,0.0232,0,0.05159622,0.02839622
876,אומן,28.50,vegetables,periodic spices and herbs,Vegetables & field crops in uncovered area,Open Area,1745,Hagilbo'a,North,28502.20,4.33,2.93,4.3267275,2.9342175,1.29801825,0.88026525,1,1.1,2000,3,0.171,0.1881,0.0171,0.4649661,0.2768661
290,אור הנר,92.70,field crops,field crops general,Vegetables & field crops in uncovered area,Open Area,1805,Sha'ar Hanegev,South,92654.10,14.55,9.87,14.5571445,9.8720865,4.36714335,2.96162595,1,1.04,2000,2,0.3708,0.385632,0.014832,1.41602958,1.03039758
474,אור הנר,10.70,citrus,orange-like,Citrus,Open Area,1805,Sha'ar Hanegev,South,10671.50,1.68,1.14,1.6802745,1.1394965,0.50408235,0.34184895,1,1.03,4000,4,0.1712,0.176336,0.005136,0.24254118,0.06620518
923,אור יהודה,27.91,vegetables,general vegetables,Vegetables & field crops in uncovered area,Open Area,1775,Or Yehuda,Tel Aviv,27910.40,4.31,2.92,4.310014611,2.922883471,1.293004383,0.876865041,1,1.1,2000,5,0.279100833,0.307010916,0.027910083,0.534952566,0.22794165
18,אורטל,32.70,plantations,deciduous,Plantations,Open Area,1785,Golan,North,32660.20,5.07,3.44,5.0781465,3.4438005,1.52344395,1.03314015,1,1,1000,8,0.2616,0.2616,0,0.57021606,0.30861606
960,אורטל,12.90,plantations,deciduous,Plantations,Open Area,1775,Golan,North,12934.70,2.00,1.35,1.9920825,1.3509525,0.59762475,0.40528575,1,1,1000,8,0.1032,0.1032,0,0.2240343,0.1208343
982,אורטל,4.80,plantations,deciduous,Plantations and Citrus in covered area,Net House,1785,Golan,North,4807.77,0.75,0.51,0.745416,0.505512,0.2236248,0.1516536,1,1,1000,8,0.0384,0.0384,0,0.08370144,0.04530144
878,אזור אשדוד מא 33,9.20,citrus,peelables,Citrus,Open Area,1815,Be'er Tuvya,South,9201.39,1.45,0.99,1.452726,0.985182,0.4358178,0.2955546,1,1.03,4000,6,0.2208,0.227424,0.006624,0.25467624,0.02725224
639,אזור אשקלון מא 36,48.90,plantations,deciduous,Plantations and Citrus in covered area,Net Cover,1805,Hof Ashkelon,South,48883.50,7.68,5.21,7.6790115,5.2076055,2.30370345,1.56228165,1,1,1000,8,0.3912,0.3912,0,0.85963266,0.46843266
675,אזור באר שבע מא 41,3.10,plantations,olives,Plantations,Open Area,1835,Bnei Shim'on,South,3098.14,0.49,0.34,0.4948995,0.3356215,0.14846985,0.10068645,1,1,1000,8,0.0248,0.0248,0,0.05515458,0.03035458
23,אזור באר שבע מא 41,1.40,others,open area crops,Vegetables & field crops in uncovered area,Open Area,1835,Lakiye,South,1417.79,0.23,0.15,0.223503,0.151571,0.0670509,0.0454713,1,1,2000,5,0.014,0.014,0,0.02658852,0.01258852
90,אזור באר שבע מא 41,3.10,others,open area crops,Vegetables & field crops in uncovered area,Open Area,1855,Bnei Shim'on,South,3124.76,0.50,0.34,0.5002935,0.3392795,0.15008805,0.10178385,1,1,2000,5,0.031,0.031,0,0.05931354,0.02831354
941,אזור באר שבע מא 41,28.00,others,open area crops,Vegetables & field crops in uncovered area,Open Area,1845,Bnei Shim'on,South,27996.40,4.49,3.05,4.49442,3.04794,1.348326,0.914382,1,1,2000,5,0.28,0.28,0,0.5337528,0.2537528
732,אזור באר שבע מא 51,51.70,others,open area crops,Vegetables & field crops in uncovered area,Open Area,1895,Tamar,South,51653.70,8.52,5.78,8.5235205,5.7803185,2.55705615,1.73409555,1,1,2000,5,0.517,0.517,0,1.00383822,0.48683822
277,אזור באר שבע שלש,1.70,plantations,general plantation,Plantations,Open Area,1865,No Jurisdiction - Sayig Area,South,1732.25,0.28,0.19,0.2758335,0.1870595,0.08275005,0.05611785,1,1,1000,5,0.0085,0.0085,0,0.02754714,0.01904714
429,אזור באר שבע שלש,1.30,plantations,general plantation,Plantations,Open Area,1895,No Jurisdiction - Sayig Area,South,1276.52,0.21,0.14,0.2143245,0.1453465,0.06429735,0.04360395,1,1,1000,5,0.0065,0.0065,0,0.02134158,0.01484158
889,אזור באר שבע שלש,2.90,plantations,general plantation,Plantations,Open Area,1855,Bnei Shim'on,South,2867.76,0.46,0.31,0.4680165,0.3173905,0.14040495,0.09521715,1,1,1000,5,0.0145,0.0145,0,0.04678686,0.03228686
102,אזור באר שבע שלש,1.80,others,open area crops,Vegetables & field crops in uncovered area,Open Area,1895,No Jurisdiction - Sayig Area,South,1801.22,0.30,0.2,0.296757,0.201249,0.0890271,0.0603747,1,1,2000,5,0.018,0.018,0,0.03494988,0.01694988
181,אזור באר שבע שלש,19.10,others,open area crops,Vegetables & field crops in uncovered area,Open Area,1855,No Jurisdiction - Sayig Area,South,19074.40,3.08,2.09,3.0824535,2.0903995,0.92473605,0.62711985,1,1,2000,5,0.191,0.191,0,0.36544794,0.17444794
213,אזור באר שבע שלש,79.50,others,open area crops,Vegetables & field crops in uncovered area,Open Area,1865,No Jurisdiction - Sayig Area,South,79505.30,12.90,8.75,12.8992725,8.7477825,3.86978175,2.62433475,1,1,2000,5,0.795,0.795,0,1.5267339,0.7317339
245,אזור באר שבע שלש,56.60,others,open area crops,Vegetables & field crops in uncovered area,Open Area,1875,No Jurisdiction - Sayig Area,South,56638.50,9.24,6.27,9.232875,6.261375,2.7698625,1.8784125,1,1,2000,5,0.566,0.566,0,1.090965,0.524965
267,אזור באר שבע שלש,1.80,others,open area crops,Vegetables & field crops in uncovered area,Open Area,1885,No Jurisdiction - Sayig Area,South,1750.67,0.29,0.19,0.295191,0.200187,0.0885573,0.0600561,1,1,2000,5,0.018,0.018,0,0.03482244,0.01682244
305,אזור באר שבע שלש,76.90,others,open area crops,Vegetables & field crops in uncovered area,Open Area,1855,No Jurisdiction - Sayig Area,South,76913.20,12.41,8.42,12.4105065,8.4163205,3.72315195,2.52489615,1,1,2000,5,0.769,0.769,0,1.47135846,0.70235846
402,אזור באר שבע שלש,4.90,others,open area crops,Vegetables & field crops in uncovered area,Open Area,1885,Tamar,South,4898.42,0.80,0.54,0.8035755,0.5449535,0.24107265,0.16348605,1,1,2000,5,0.049,0.049,0,0.09479442,0.04579442
449,אזור באר שבע שלש,35.10,others,open area crops,Vegetables & field crops in uncovered area,Open Area,1865,No Jurisdiction - Sayig Area,South,35091.20,5.69,3.86,5.6951505,3.8622285,1.70854515,1.15866855,1,1,2000,5,0.351,0.351,0,0.67406742,0.32306742
457,אזור באר שבע שלש,30.60,others,open area crops,Vegetables & field crops in uncovered area,Open Area,1865,No Jurisdiction - Sayig Area,South,30649.00,4.97,3.37,4.965003,3.367071,1.4895009,1.0101213,1,1,2000,5,0.306,0.306,0,0.58764852,0.28164852
477,אזור באר שבע שלש,1.10,others,open area crops,Vegetables & field crops in uncovered area,Open Area,1875,No Jurisdiction - Sayig Area,South,1105.77,0.18,0.12,0.1794375,0.1216875,0.05383125,0.03650625,1,1,2000,5,0.011,0.011,0,0.0212025,0.0102025
590,אזור באר שבע שלש,150.20,others,open area crops,Vegetables & field crops in uncovered area,Open Area,1855,No Jurisdiction - Sayig Area,South,150217.00,24.24,16.44,24.240027,16.438639,7.2720081,4.9315917,1,1,2000,5,1.502,1.502,0,2.87383668,1.37183668
686,אזור באר שבע שלש,53.30,others,open area crops,Vegetables & field crops in uncovered area,Open Area,1865,No Jurisdiction - Sayig Area,South,53344.30,8.66,5.87,8.6481915,5.8648655,2.59445745,1.75945965,1,1,2000,5,0.533,0.533,0,1.02358386,0.49058386
749,אזור באר שבע שלש,101.00,others,open area crops,Vegetables & field crops in uncovered area,Open Area,1895,No Jurisdiction - Sayig Area,South,100984.00,16.65,11.29,16.651365,11.292305,4.9954095,3.3876915,1,1,2000,5,1.01,1.01,0,1.9610766,0.9510766
773,אזור באר שבע שלש,44.40,others,open area crops,Vegetables & field crops in uncovered area,Open Area,1925,No Jurisdiction - Sayig Area,South,44427.20,7.44,5.05,7.43589,5.04273,2.230767,1.512819,1,1,2000,5,0.444,0.444,0,0.8715276,0.4275276
806,אזור באר שבע שלש,1.50,others,open area crops,Vegetables & field crops in uncovered area,Open Area,1845,No Jurisdiction - Sayig Area,South,1478.03,0.24,0.16,0.2407725,0.1632825,0.07223175,0.04898475,1,1,2000,5,0.015,0.015,0,0.0285939,0.0135939
925,אזור באר שבע שלש,1.50,others,open area crops,Vegetables & field crops in uncovered area,Open Area,1885,No Jurisdiction - Sayig Area,South,1533.49,0.25,0.17,0.2459925,0.1668225,0.07379775,0.05004675,1,1,2000,5,0.015,0.015,0,0.0290187,0.0140187
968,אזור באר שבע שלש,130.50,others,open area crops,Vegetables & field crops in uncovered area,Open Area,1865,No Jurisdiction - Sayig Area,South,130498.00,21.17,14.36,21.1742775,14.3595675,6.35228325,4.30787025,1,1,2000,5,1.305,1.305,0,2.5061481,1.2011481
101,אזור בשור מא 38,307.70,field crops,field crops general,Vegetables & field crops in uncovered area,Open Area,1835,Eshkol,South,307644.00,49.11,33.31,49.1227665,33.3131405,14.73682995,9.99394215,1,1.04,2000,2,1.2308,1.280032,0.049232,4.76559606,3.48556406
382,אזור בשור מא 38,12.10,vegetables,general vegetables,Vegetables & field crops in uncovered area,Open Area,1825,Eshkol,South,12148.80,1.93,1.31,1.9211775,1.3028675,0.57635325,0.39086025,1,1.1,2000,5,0.121,0.1331,0.0121,0.2362041,0.1031041
440,אזור בשור מא 38,376.30,non-processed,non-processed,Not cultivated,Open Area,1825,Eshkol,South,376302.00,59.75,40.52,59.7470325,40.5181025,17.92410975,12.15543075,1,1,0,0,0,0,0,4.8621723,4.8621723
139,אזור בשור מא 38,23.80,citrus,orange-like,Citrus,Open Area,1825,Eshkol,South,23772.60,3.77,2.56,3.778845,2.562665,1.1336535,0.7687995,1,1.03,4000,4,0.3808,0.392224,0.011424,0.5428542,0.1506302
27,אזור בשור מא 42,204.90,field crops,field crops general,Vegetables & field crops in uncovered area,Open Area,1815,Merhavim,South,204879.00,32.35,21.94,32.3547345,21.9417165,9.70642035,6.58251495,1,1.04,2000,2,0.8196,0.852384,0.032784,3.14443638,2.29205238
779,אזור בשור מא 42,44.30,non-processed,non-processed,Not cultivated,Open Area,1805,Merhavim,South,44283.80,6.95,4.72,6.9566505,4.7177285,2.08699515,1.41531855,1,1,0,0,0,0,0,0.56612742,0.56612742
371,אזור בשור מא 42,14.00,citrus,peelables,Citrus,Open Area,1815,Merhavim,South,13996.30,2.21,1.5,2.21067,1.49919,0.663201,0.449757,1,1.03,4000,6,0.336,0.34608,0.01008,0.3875508,0.0414708
471,אזור בשור מא 42,28.10,citrus,peelables,Citrus,Open Area,1825,Merhavim,South,28056.80,4.45,3.02,4.4615775,3.0256675,1.33847325,0.90770025,1,1.03,4000,6,0.6744,0.694632,0.020232,0.7798593,0.0852273
535,אזור גרר מא 39,157.30,field crops,field crops general,Vegetables & field crops in uncovered area,Open Area,1815,Sdot Negev,South,157274.00,24.83,16.84,24.8384565,16.8444705,7.45153695,5.05334115,1,1.04,2000,2,0.6292,0.654368,0.025168,2.41395726,1.75958926
392,אזור גרר מא 41,9.80,field crops,field crops general,Vegetables & field crops in uncovered area,Open Area,1805,Bnei Shim'on,South,9819.29,1.54,1.05,1.538943,1.043651,0.4616829,0.3130953,1,1.04,2000,2,0.0392,0.040768,0.001568,0.14969892,0.10893092
789,אזור גרר מא 41,248.50,vegetables,general vegetables,Vegetables & field crops in uncovered area,Open Area,1815,Bnei Shim'on,South,248459.00,39.23,26.61,39.2393925,26.6106225,11.77181775,7.98318675,1,1.1,2000,5,2.485,2.7335,0.2485,4.8333747,2.0998747
892,אזור חיפה שלש,16.02,plantations,olives,Plantations,Open Area,1735,No Jurisdiction - Mount Carmel Area,Haifa,16017.40,2.42,1.64,2.417646609,1.639553448,0.725293983,0.491866034,1,1,1000,8,0.128133909,0.128133909,0,0.273626759,0.14549285
662,אזור יחיעם מא 4,43.10,plantations,olives,Plantations,Open Area,1715,Ma'te Asher,North,43067.30,6.43,4.36,6.4307355,4.3610735,1.92922065,1.30832205,1,1,1000,8,0.3448,0.3448,0,0.73020882,0.38540882
664,אזור יחיעם מא 4,2.40,plantations,olives,Plantations,Open Area,1695,No Jurisdiction - Mi'ilya Area,North,2403.50,0.35,0.24,0.353916,0.240012,0.1061748,0.0720036,1,1,1000,8,0.0192,0.0192,0,0.04032144,0.02112144
106,אזור יחיעם מא 4,0.80,plantations,subtropical,Plantations,Open Area,1705,Ma'te Asher,North,783.28,0.12,0.08,0.118668,0.080476,0.0356004,0.0241428,1,1,1000,5,0.004,0.004,0,0.01205712,0.00805712
746,אזור יחיעם מא 56,57.90,plantations,olives,Plantations,Open Area,1725,Misgav,North,57903.90,8.69,5.89,8.689554741,5.892916433,2.606866422,1.76787493,1,1,1000,8,0.463211314,0.463211314,0,0.98507676,0.521865446
42,אזור יחיעם שלש,7.80,plantations,olives,Plantations,Open Area,1755,No Jurisdiction - Mount Meiron Area,North,7849.84,1.20,0.81,1.190943,0.807651,0.3572829,0.2422953,1,1,1000,8,0.0624,0.0624,0,0.13435812,0.07195812
71,אזור יחיעם שלש,3.66,plantations,olives,Plantations,Open Area,1695,No Jurisdiction - Mi'ilya Area,North,3660.10,0.54,0.37,0.539714182,0.366013066,0.161914255,0.10980392,1,1,1000,8,0.029279581,0.029279581,0,0.061489317,0.032209735
122,אזור יחיעם שלש,7.10,plantations,olives,Plantations,Open Area,1795,No Jurisdiction - Mount Meiron Area,North,7135.17,1.11,0.76,1.1087715,0.7519255,0.33263145,0.22557765,1,1,1000,8,0.0568,0.0568,0,0.12431106,0.06751106
244,אזור יחיעם שלש,4.80,plantations,olives,Plantations,Open Area,1715,Misgav,North,4802.66,0.72,0.49,0.716550154,0.485936311,0.214965046,0.145780893,1,1,1000,8,0.038419632,0.038419632,0,0.081364137,0.042944504
333,אזור יחיעם שלש,7.40,plantations,olives,Plantations,Open Area,1755,No Jurisdiction - Mount Meiron Area,North,7527.66,1.15,0.78,1.129869,0.766233,0.3389607,0.2298699,1,1,1000,8,0.0592,0.0592,0,0.12746796,0.06826796
341,אזור יחיעם שלש,4.93,plantations,olives,Plantations,Open Area,1685,No Jurisdiction - Mi'ilya Area,North,4931.70,0.72,0.49,0.722931917,0.490264174,0.216879575,0.147079252,1,1,1000,8,0.039451928,0.039451928,0,0.082502857,0.04305093
464,אזור יחיעם שלש,15.20,plantations,olives,Plantations,Open Area,1695,No Jurisdiction - Mi'ilya Area,North,15152.30,2.23,1.52,2.241468,1.520076,0.6724404,0.4560228,1,1,1000,8,0.1216,0.1216,0,0.25536912,0.13376912
682,אזור יחיעם שלש,1.12,plantations,olives,Plantations,Open Area,1735,Hurfeish,North,1120.39,0.17,0.11,0.169110974,0.114684454,0.050733292,0.034405336,1,1,1000,8,0.008962786,0.008962786,0,0.019139806,0.01017702
726,אזור יחיעם שלש,2.50,plantations,olives,Plantations,Open Area,1745,No Jurisdiction - Mount Meiron Area,North,2484.18,0.38,0.26,0.3795375,0.2573875,0.11386125,0.07721625,1,1,1000,8,0.02,0.02,0,0.0428865,0.0228865
899,אזור יחיעם שלש,4.50,plantations,olives,Plantations,Open Area,1775,No Jurisdiction - Mount Meiron Area,North,4453.65,0.69,0.47,0.6949125,0.4712625,0.20847375,0.14137875,1,1,1000,8,0.036,0.036,0,0.0781515,0.0421515
916,אזור יחיעם שלש,1.10,plantations,olives,Plantations,Open Area,1695,No Jurisdiction - Mi'ilya Area,North,1135.37,0.17,0.11,0.1622115,0.1100055,0.04866345,0.03300165,1,1,1000,8,0.0088,0.0088,0,0.01848066,0.00968066
1000,אזור יחיעם שלש,1.90,plantations,olives,Plantations,Open Area,1775,No Jurisdiction - Mount Meiron Area,North,1882.48,0.29,0.2,0.2934075,0.1989775,0.08802225,0.05969325,1,1,1000,8,0.0152,0.0152,0,0.0329973,0.0177973
89,אזור יחיעם שלש,4.30,others,open area crops,Vegetables & field crops in uncovered area,Open Area,1785,No Jurisdiction - Mount Meiron Area,North,4330.22,0.67,0.46,0.6677685,0.4528545,0.20033055,0.13585635,1,1,2000,5,0.043,0.043,0,0.08014254,0.03714254
452,אזור יחיעם שלש,2.50,others,open area crops,Vegetables & field crops in uncovered area,Open Area,1765,No Jurisdiction - Mount Meiron Area,North,2460.11,0.38,0.26,0.3838875,0.2603375,0.11516625,0.07810125,1,1,2000,5,0.025,0.025,0,0.0462405,0.0212405
98,אזור כרמיאל שלש,2.30,plantations,olives,Plantations,Open Area,1765,No Jurisdiction - Hanania Junction Area,North,2338.28,0.36,0.24,0.3531765,0.2395105,0.10595295,0.07185315,1,1,1000,8,0.0184,0.0184,0,0.03978126,0.02138126
133,אזור כרמיאל שלש,9.65,plantations,olives,Plantations,Open Area,1765,No Jurisdiction - Hanania Junction Area,North,9650.51,1.48,1,1.481830844,1.004919768,0.444549253,0.30147593,1,1,1000,8,0.077201307,0.077201307,0,0.166911157,0.089709849
261,אזור כרמיאל שלש,1.00,plantations,olives,Plantations,Open Area,1765,No Jurisdiction - Hanania Junction Area,North,980.37,0.15,0.1,0.153555,0.104135,0.0460665,0.0312405,1,1,1000,8,0.008,0.008,0,0.0172962,0.0092962
350,אזור כרמיאל שלש,3.20,plantations,olives,Plantations,Open Area,1765,No Jurisdiction - Hanania Junction Area,North,3196.94,0.49,0.33,0.490888202,0.332901194,0.147266461,0.099870358,1,1,1000,8,0.025574586,0.025574586,0,0.055292895,0.029718309
793,אזור כרמיאל שלש,5.41,plantations,olives,Plantations,Open Area,1775,No Jurisdiction - Hanania Junction Area,North,5408.31,0.84,0.57,0.835148658,0.566365182,0.250544597,0.169909554,1,1,1000,8,0.043264946,0.043264946,0,0.093922789,0.050657843
861,אזור כרמיאל שלש,2.21,plantations,olives,Plantations,Open Area,1765,No Jurisdiction - Hanania Junction Area,North,2205.25,0.34,0.23,0.338615441,0.229635759,0.101584632,0.068890728,1,1,1000,8,0.017641389,0.017641389,0,0.038141125,0.020499735
965,אזור מודיעין מא 2,9.96,plantations,general plantation,Plantations,Open Area,1745,No Jurisdiction - Bik'at Beit Netofa Area,North,9962.09,1.51,1.03,1.512333746,1.025605644,0.453700124,0.307681693,1,1,1000,5,0.049808443,0.049808443,0,0.152957743,0.1031493
393,אזור מודיעין מא 2,7.20,vegetables,general vegetables,Vegetables & field crops in uncovered area,Open Area,1735,No Jurisdiction - Bik'at Beit Netofa Area,North,7234.09,1.09,0.74,1.086804,0.737028,0.3260412,0.2211084,1,1.1,2000,5,0.072,0.0792,0.0072,0.13596336,0.05676336
421,אזור מודיעין מא 2,3.10,plantations,olives,Plantations,Open Area,1725,No Jurisdiction - Bik'at Beit Netofa Area,North,3058.24,0.46,0.31,0.4652325,0.3155025,0.13956975,0.09465075,1,1,1000,8,0.0248,0.0248,0,0.0527403,0.0279403
394,אזור מודיעין מא 2,11.00,others,open area crops,Vegetables & field crops in uncovered area,Open Area,1755,No Jurisdiction - Bik'at Beit Netofa Area,North,11036.90,1.69,1.14,1.679535,1.138995,0.5038605,0.3416985,1,1,2000,5,0.11,0.11,0,0.2026794,0.0926794
415,אזור מלאכי מא 33,13.80,vegetables,eggplants,Vegetables in covered area,Greenhouse,1805,Be'er Tuvya,South,13843.00,2.17,1.47,2.167083,1.469631,0.6501249,0.4408893,1,1.1,2000,8,0.2208,0.24288,0.02208,0.32208372,0.07920372
501,אזור מלאכי מא 33,10.20,vegetables,peppers,Vegetables in covered area,Greenhouse,1805,Be'er Tuvya,South,10234.70,1.61,1.09,1.601757,1.086249,0.4805271,0.3258747,1,1.1,2000,7,0.1428,0.15708,0.01428,0.22459788,0.06751788
256,אזור נהריה שלש,7.13,plantations,olives,Plantations,Open Area,1735,No Jurisdiction - West of Kefar Yasif Area,North,7126.57,1.08,0.73,1.075674419,0.729480353,0.322702326,0.218844106,1,1,1000,8,0.057010138,0.057010138,0,0.121743725,0.064733587
482,אזור נהריה שלש,75.20,others,open area crops,Vegetables & field crops in uncovered area,Open Area,1735,Jdeyde - Ma'ker,North,75210.10,11.35,7.7,11.351064,7.697848,3.4053192,2.3093544,1,1,2000,5,0.752,0.752,0,1.37494176,0.62294176
13,אזור עכו שלש,2.96,plantations,olives,Plantations,Open Area,1735,Jdeyde - Ma'ker,North,2964.39,0.45,0.3,0.447440318,0.303436537,0.134232095,0.091030961,1,1,1000,8,0.023714085,0.023714085,0,0.050640835,0.026926751
356,אזור עכו שלש,6.20,others,open area crops,Vegetables & field crops in uncovered area,Open Area,1745,Jdeyde - Ma'ker,North,6213.93,0.94,0.64,0.941253,0.638321,0.2823759,0.1914963,1,1,2000,5,0.062,0.062,0,0.11379852,0.05179852
936,אזור פתח תקווה מ,0.08,others,greenhouse crops,Vegetables in covered area,Greenhouse,1755,Hevel Modi'in,Center,75.40,0.01,0.01,0.011512296,0.007807189,0.003453689,0.002342157,1,1,2000,5,0.00075399,0.00075399,0,0.001389257,0.000635267
423,אזור ראשלצ מא 27,3.67,others,greenhouse crops,Vegetables in covered area,Greenhouse,1805,Gan Ra've,Center,3665.10,0.58,0.39,0.575549825,0.390315399,0.172664947,0.11709462,1,1,2000,5,0.036651054,0.036651054,0,0.06882848,0.032177426
373,אזור רמלה מא 40,67.52,plantations,deciduous,Plantations,Open Area,1775,Sdot Dan,Center,67525.90,10.43,7.07,10.42753167,7.071544468,3.128259502,2.12146334,1,1,1000,8,0.540199148,0.540199148,0,1.172704825,0.632505677
908,אזור רמלה מא 40,15.74,citrus,orange-like,Citrus,Open Area,1775,Sdot Dan,Center,15741.20,2.43,1.65,2.430807667,1.648478762,0.7292423,0.494543629,1,1.03,4000,4,0.251856388,0.259412079,0.007555692,0.353464699,0.09405262
69,אזור שפרעם מא 56,1.56,plantations,olives,Plantations,Open Area,1745,Dir Hana,North,1557.95,0.24,0.16,0.236511955,0.160393165,0.070953587,0.04811795,1,1,1000,8,0.012463167,0.012463167,0,0.02672508,0.014261913
121,אזור שפרעם מא 56,23.80,plantations,olives,Plantations,Open Area,1765,Misgav,North,23805.50,3.66,2.48,3.655302012,2.478882974,1.096590604,0.743664892,1,1,1000,8,0.190436105,0.190436105,0,0.41172762,0.221291515
204,אזור שפרעם מא 56,4.52,plantations,olives,Plantations,Open Area,1765,Misgav,North,4522.72,0.69,0.47,0.694458498,0.470954613,0.208337549,0.141286384,1,1,1000,8,0.036180313,0.036180313,0,0.078222741,0.042042428
320,אזור שפרעם מא 56,162.70,plantations,olives,Plantations,Open Area,1765,Misgav,North,162731.00,24.99,16.95,24.9833985,16.9427645,7.49501955,5.08282935,1,1,1000,8,1.3016,1.3016,0,2.81409174,1.51249174
777,אזור שפרעם מא 56,0.60,plantations,olives,Plantations,Open Area,1755,Misgav,North,597.59,0.09,0.06,0.091240104,0.061875473,0.027372031,0.018562642,1,1,1000,8,0.004780567,0.004780567,0,0.010293397,0.00551283
969,אזור שפרעם מא 56,11.70,plantations,olives,Plantations,Open Area,1745,Ara'be,North,11664.00,1.77,1.2,1.7762355,1.2045735,0.53287065,0.36137205,1,1,1000,8,0.0936,0.0936,0,0.20070882,0.10710882
339,אחוזם,25.40,field crops,field crops general,Vegetables & field crops in uncovered area,Open Area,1795,Lahish,South,25376.10,3.96,2.69,3.966591,2.689987,1.1899773,0.8069961,1,1.04,2000,2,0.1016,0.105664,0.004064,0.38619684,0.28053284
441,אחוזם,52.80,vegetables,general vegetables,Vegetables & field crops in uncovered area,Open Area,1795,Lahish,South,52835.00,8.25,5.6,8.245512,5.591784,2.4736536,1.6775352,1,1.1,2000,5,0.528,0.5808,0.0528,1.01949408,0.43869408
410,אחוזם,16.80,citrus,orange-like,Citrus,Open Area,1795,Shafir,South,16805.60,2.62,1.78,2.623572,1.779204,0.7870716,0.5337612,1,1.03,4000,4,0.2688,0.276864,0.008064,0.37962288,0.10275888
354,אחיהוד,7.70,field crops,field crops general,Vegetables & field crops in uncovered area,Open Area,1735,Ma'te Asher,North,7666.57,1.16,0.78,1.1622765,0.7882105,0.34868295,0.23646315,1,1.04,2000,2,0.0308,0.032032,0.001232,0.11380446,0.08177246
97,אחיהוד,6.80,plantations,olives,Plantations,Open Area,1735,Ma'te Asher,North,6753.50,1.02,0.69,1.026426,0.696082,0.3079278,0.2088246,1,1,1000,8,0.0544,0.0544,0,0.11616984,0.06176984
762,אחיהוד,4.51,plantations,olives,Plantations,Open Area,1735,Ma'te Asher,North,4506.51,0.68,0.46,0.680207046,0.461289836,0.204062114,0.138386951,1,1,1000,8,0.03605059,0.03605059,0,0.076985135,0.040934544
243,אחיטוב,8.00,vegetables,cucumbers,Vegetables in covered area,Greenhouse,1745,Emek Hefer,Center,7975.34,1.21,0.82,1.21452,0.82364,0.364356,0.247092,1,1.1,2000,6,0.096,0.1056,0.0096,0.1621968,0.0565968
294,אחיטוב,8.70,vegetables,cucumbers,Vegetables in covered area,Greenhouse,1745,Emek Hefer,Center,8746.56,1.33,0.9,1.3207905,0.8957085,0.39623715,0.26871255,1,1.1,2000,6,0.1044,0.11484,0.01044,0.17638902,0.06154902
207,אחיטוב,8.40,vegetables,tomatoes,Vegetables in covered area,Greenhouse,1745,Emek Hefer,Center,8368.63,1.27,0.86,1.275246,0.864822,0.3825738,0.2594466,1,1.1,2000,6,0.1008,0.11088,0.01008,0.17030664,0.05942664
723,אחיסמך,113.70,field crops,field crops general,Vegetables & field crops in uncovered area,Open Area,1765,Hevel Modi'in,Center,113663.00,17.45,11.84,17.4592035,11.8401495,5.23776105,3.55204485,1,1.04,2000,2,0.4548,0.472992,0.018192,1.70461314,1.23162114
628,איילת השחר,25.20,plantations,subtropical,Plantations,Open Area,1735,Hagalil Ha'elyon,North,25240.00,3.81,2.58,3.803814,2.579598,1.1411442,0.7738794,1,1,1000,5,0.126,0.126,0,0.38515176,0.25915176
381,אילניה,15.00,field crops,field crops general,Vegetables & field crops in uncovered area,Open Area,1755,Hagalil Hatahton,North,15016.50,2.29,1.55,2.290275,1.553175,0.6870825,0.4659525,1,1.04,2000,2,0.06,0.0624,0.0024,0.223821,0.161421
939,אילניה,17.40,field crops,field crops general,Vegetables & field crops in uncovered area,Open Area,1755,Hagalil Hatahton,North,17366.60,2.65,1.8,2.656719,1.801683,0.7970157,0.5405049,1,1.04,2000,2,0.0696,0.072384,0.002784,0.25963236,0.18724836
505,אל-רום,15.70,plantations,deciduous,Plantations,Open Area,1825,Golan,North,15743.40,2.50,1.7,2.4927675,1.6904975,0.74783025,0.50714925,1,1,1000,8,0.1256,0.1256,0,0.2782197,0.1526197
659,אל-רום,2.40,plantations,deciduous,Plantations,Open Area,1815,Buk'ata,North,2445.75,0.39,0.26,0.378972,0.257004,0.1136916,0.0771012,1,1,1000,8,0.0192,0.0192,0,0.04236048,0.02316048
835,אל-רום,454.80,plantations,deciduous,Plantations,Open Area,1765,Golan,North,454748.00,69.83,47.36,69.836814,47.360598,20.9510442,14.2081794,1,1,1000,8,3.6384,3.6384,0,7.86631176,4.22791176
157,אלומות,52.50,field crops,field crops general,Vegetables & field crops in uncovered area,Open Area,1705,Emek Hayarden,North,52478.70,7.78,5.28,7.7875875,5.2812375,2.33627625,1.58437125,1,1.04,2000,2,0.21,0.2184,0.0084,0.7647885,0.5463885
434,אלומות,35.50,field crops,field crops general,Vegetables & field crops in uncovered area,Open Area,1705,Emek Hayarden,North,35502.40,5.27,3.57,5.2658925,3.5711225,1.57976775,1.07133675,1,1.04,2000,2,0.142,0.14768,0.00568,0.5171427,0.3694627
424,אלון הגליל,2.10,others,greenhouse crops,Vegetables in covered area,Greenhouse,1745,Emek Yizrael,North,2092.72,0.32,0.22,0.3188115,0.2162055,0.09564345,0.06486165,1,1,2000,5,0.021,0.021,0,0.03854466,0.01754466
525,אלון הגליל,2.20,others,greenhouse crops,Vegetables in covered area,Greenhouse,1745,Emek Yizrael,North,2194.02,0.33,0.23,0.333993,0.226501,0.1001979,0.0679503,1,1,2000,5,0.022,0.022,0,0.04038012,0.01838012
359,אלי על,9.10,plantations,deciduous,Plantations,Open Area,1775,Golan,North,9141.03,1.41,0.96,1.4052675,0.9529975,0.42158025,0.28589925,1,1,1000,8,0.0728,0.0728,0,0.1580397,0.0852397
212,אלי על,31.10,plantations,olives,Plantations,Open Area,1765,Golan,North,31096.90,4.78,3.24,4.7755605,3.2385985,1.43266815,0.97157955,1,1,1000,8,0.2488,0.2488,0,0.53791182,0.28911182
540,אלי על,34.90,plantations,olives,Plantations,Open Area,1775,Golan,North,34875.90,5.39,3.65,5.3894325,3.6549025,1.61682975,1.09647075,1,1,1000,8,0.2792,0.2792,0,0.6061083,0.3269083
781,אליכין,10.80,plantations,subtropical,Plantations,Open Area,1755,Elyahin,Center,10772.90,1.64,1.12,1.648998,1.118286,0.4946994,0.3354858,1,1,1000,5,0.054,0.054,0,0.16659432,0.11259432
252,אלמגור,6.10,plantations,subtropical,Plantations,Open Area,1725,Emek Hayarden,North,6142.68,0.92,0.63,0.9154575,0.6208275,0.27463725,0.18624825,1,1,1000,5,0.0305,0.0305,0,0.0927993,0.0622993
458,אלמגור,10.50,plantations,subtropical,Plantations,Open Area,1695,Emek Hayarden,North,10475.70,1.54,1.05,1.5483825,1.0500525,0.46451475,0.31501575,1,1,1000,5,0.0525,0.0525,0,0.1575063,0.1050063
811,אלמגור,10.10,plantations,subtropical,Plantations,Open Area,1715,Golan,North,10077.30,1.50,1.02,1.5069705,1.0219685,0.45209115,0.30659055,1,1,1000,5,0.0505,0.0505,0,0.15293622,0.10243622
898,אלמגור,6.70,plantations,subtropical,Plantations,Open Area,1715,Golan,North,6654.04,0.99,0.67,0.9996735,0.6779395,0.29990205,0.20338185,1,1,1000,5,0.0335,0.0335,0,0.10145274,0.06795274
947,אלמגור,5.70,plantations,subtropical,Plantations,Open Area,1715,Emek Hayarden,North,5699.99,0.85,0.58,0.8504685,0.5767545,0.25514055,0.17302635,1,1,1000,5,0.0285,0.0285,0,0.08631054,0.05781054
998,אלמגור,8.70,plantations,subtropical,Plantations,Open Area,1715,Emek Hayarden,North,8723.85,1.30,0.88,1.2980835,0.8803095,0.38942505,0.26409285,1,1,1000,5,0.0435,0.0435,0,0.13173714,0.08823714
61,אלקוש,4.40,plantations,deciduous,Plantations,Open Area,1745,Fasuta,North,4385.13,0.67,0.45,0.667986,0.453002,0.2003958,0.1359006,1,1,1000,8,0.0352,0.0352,0,0.07548024,0.04028024
198,אלקוש,5.20,plantations,deciduous,Plantations,Open Area,1745,Fasuta,North,5224.74,0.79,0.54,0.789438,0.535366,0.2368314,0.1606098,1,1,1000,8,0.0416,0.0416,0,0.08920392,0.04760392
344,אלקוש,8.20,plantations,vineyard,Plantations,Open Area,1745,Ma'ale Yosef,North,8234.35,1.25,0.85,1.244883,0.844231,0.3734649,0.2532693,1,1,1000,20,0.164,0.164,0,0.19970772,0.03570772
70,אמונים,8.30,vegetables,general vegetables,Vegetables & field crops in uncovered area,Open Area,1815,Be'er Tuvya,South,8279.29,1.31,0.89,1.3106115,0.8888055,0.39318345,0.26664165,1,1.1,2000,5,0.083,0.0913,0.0083,0.16143666,0.07013666
472,אמונים,8.40,vegetables,general vegetables,Vegetables & field crops in uncovered area,Open Area,1805,Be'er Tuvya,South,8379.34,1.32,0.89,1.319094,0.894558,0.3957282,0.2683674,1,1.1,2000,5,0.084,0.0924,0.0084,0.16278696,0.07038696
643,אמונים,16.00,vegetables,general vegetables,Vegetables & field crops in uncovered area,Open Area,1815,Be'er Tuvya,South,16008.70,2.53,1.71,2.52648,1.71336,0.757944,0.514008,1,1.1,2000,5,0.16,0.176,0.016,0.3112032,0.1352032
383,אמירים,5.90,others,open area crops,Vegetables & field crops in uncovered area,Open Area,1735,Mevo'ot Hahermon,North,5867.07,0.89,0.6,0.8905755,0.6039535,0.26717265,0.18118605,1,1,2000,5,0.059,0.059,0,0.10787442,0.04887442
803,אמנון,2.00,vegetables,cucumbers,Vegetables in covered area,Greenhouse,1735,Mevo'ot Hahermon,North,2010.58,0.30,0.21,0.30189,0.20473,0.090567,0.061419,1,1.1,2000,6,0.024,0.0264,0.0024,0.0404076,0.0140076
621,אמץ,24.30,non-processed,non-processed,Not cultivated,Open Area,1745,Emek Hefer,Center,24336.90,3.69,2.51,3.6891045,2.5018065,1.10673135,0.75054195,1,1,0,0,0,0,0,0.30021678,0.30021678
307,אעבלין,5.30,plantations,olives,Plantations,Open Area,1745,I'eblin,North,5304.07,0.81,0.55,0.8046195,0.5456615,0.24138585,0.16369845,1,1,1000,8,0.0424,0.0424,0,0.09091938,0.04851938
165,אעבלין,2.60,others,open area crops,Vegetables & field crops in uncovered area,Open Area,1755,I'eblin,North,2562.32,0.39,0.27,0.396981,0.269217,0.1190943,0.0807651,1,1,2000,5,0.026,0.026,0,0.04790604,0.02190604
227,אפיקים,23.80,plantations,subtropical,Plantations,Open Area,1705,Emek Hayarden,North,23822.50,3.53,2.4,3.530373,2.394161,1.0591119,0.7182483,1,1,1000,5,0.119,0.119,0,0.35869932,0.23969932
804,אפיקים,82.60,plantations,subtropical,Plantations and Citrus in covered area,Net House,1705,Emek Hayarden,North,82600.30,12.25,8.31,12.252471,8.309147,3.6757413,2.4927441,1,1,1000,5,0.413,0.413,0,1.24489764,0.83189764
327,אפק,20.90,plantations,olives,Plantations,Open Area,1755,Ma'te Asher,North,20932.90,3.20,2.17,3.1911165,2.1640905,0.95733495,0.64922715,1,1,1000,8,0.1672,0.1672,0,0.36001086,0.19281086
367,אפק,15.70,others,open area crops,Vegetables & field crops in uncovered area,Open Area,1745,Ma'te Asher,North,15713.60,2.39,1.62,2.3834955,1.6163935,0.71504865,0.48491805,1,1,2000,5,0.157,0.157,0,0.28816722,0.13116722
555,ארבל,12.50,field crops,field crops general,Vegetables & field crops in uncovered area,Open Area,1735,Hagalil Hatahton,North,12522.50,1.89,1.28,1.8868125,1.2795625,0.56604375,0.38386875,1,1.04,2000,2,0.05,0.052,0.002,0.1847475,0.1327475
611,ארבל,5.50,plantations,olives,Plantations,Open Area,1735,Hagalil Hatahton,North,5495.44,0.83,0.56,0.8301975,0.5630075,0.24905925,0.16890225,1,1,1000,8,0.044,0.044,0,0.0939609,0.0499609
159,ארגמן,8.40,non-processed,non-processed,Not cultivated,Open Area,1755,Jordan valley,Other,8446.17,1.29,0.87,1.282554,0.869778,0.3847662,0.2609334,1,1,0,0,0,0,0,0.10437336,0.10437336
93,ארז,4.40,field crops,field crops general,Vegetables & field crops in uncovered area,Open Area,1795,Lahish,South,4389.06,0.69,0.46,0.687126,0.465982,0.2061378,0.1397946,1,1.04,2000,2,0.0176,0.018304,0.000704,0.06690024,0.04859624
419,ארז,123.40,field crops,field crops general,Vegetables & field crops in uncovered area,Open Area,1815,Hof Ashkelon,South,123387.00,19.48,13.21,19.485477,13.214289,5.8456431,3.9642867,1,1.04,2000,2,0.4936,0.513344,0.019744,1.89372108,1.38037708
698,אשבול,11.70,field crops,field crops general,Vegetables & field crops in uncovered area,Open Area,1805,Merhavim,South,11722.20,1.84,1.25,1.8373095,1.2459915,0.55119285,0.37379745,1,1.04,2000,2,0.0468,0.048672,0.001872,0.17872218,0.13005018
166,אשבול,9.20,citrus,lemon-like,Citrus,Open Area,1805,Merhavim,South,9190.84,1.44,0.98,1.444722,0.979754,0.4334166,0.2939262,1,1.03,4000,4,0.1472,0.151616,0.004416,0.20854008,0.05692408
107,אשקלון,11.30,citrus,orange-like,Citrus,Open Area,1805,Ashkelon,South,11249.60,1.77,1.2,1.7744955,1.2033935,0.53234865,0.36101805,1,1.03,4000,4,0.1808,0.186224,0.005424,0.25614162,0.06991762
665,אשתאול,25.57,plantations,vineyard,Plantations,Open Area,1755,Modi'in - Makabim - Re'ut,Center,25568.90,3.90,2.65,3.903862753,2.647447154,1.171158826,0.794234146,1,1,1000,20,0.51136166,0.51136166,0,0.624510655,0.113148995
491,באקה אל-גרביה,0.60,plantations,olives,Plantations,Open Area,1735,Baka al Rarbiya,Haifa,552.09,0.08,0.06,0.090567,0.061419,0.0271701,0.0184257,1,1,1000,8,0.0048,0.0048,0,0.01025028,0.00545028
573,באקה אל-גרביה,3.90,plantations,olives,Plantations,Open Area,1735,Baka al Rarbiya,Haifa,3867.48,0.58,0.4,0.5886855,0.3992235,0.17660565,0.11976705,1,1,1000,8,0.0312,0.0312,0,0.06662682,0.03542682
528,באר גנים,11.30,non-processed,non-processed,Not cultivated,Open Area,1815,Hof Ashkelon,South,11334.40,1.79,1.21,1.7843265,1.2100605,0.53529795,0.36301815,1,1,0,0,0,0,0,0.14520726,0.14520726
798,באר שבע,13.00,plantations,general plantation,Plantations,Open Area,1845,Be'er Sheva,South,13032.80,2.09,1.42,2.086695,1.415115,0.6260085,0.4245345,1,1,1000,5,0.065,0.065,0,0.2088138,0.1438138
412,בארותיים,23.10,field crops,field crops general,Vegetables & field crops in uncovered area,Open Area,1745,Emek Hefer,Center,23075.40,3.50,2.38,3.5069265,2.3782605,1.05207795,0.71347815,1,1.04,2000,2,0.0924,0.096096,0.003696,0.34304886,0.24695286
756,בארותיים,8.10,flowers,flowers general,Flowers,Net House,1745,Emek Hefer,Center,8094.40,1.23,0.83,1.2297015,0.8339355,0.36891045,0.25018065,1,1.05,500,20,0.081,0.08505,0.00405,0.15110226,0.06605226
437,בארותיים,4.45,non-processed,non-processed,Not cultivated,Open Area,1745,Emek Hefer,Center,4449.17,0.68,0.46,0.675428571,0.458049261,0.202628571,0.137414778,1,1,0,0,0,0,0,0.054965911,0.054965911
270,בארי,10.80,citrus,lemon-like,Citrus,Open Area,1815,Eshkol,South,10798.20,1.71,1.16,1.705374,1.156518,0.5116122,0.3469554,1,1.03,4000,4,0.1728,0.177984,0.005184,0.24557256,0.06758856
59,בוקעאתה,1.50,plantations,deciduous,Plantations,Open Area,1785,Buk'ata,North,1462.52,0.23,0.15,0.2329425,0.1579725,0.06988275,0.04739175,1,1,1000,8,0.012,0.012,0,0.0261567,0.0141567
156,בוקעאתה,4.30,plantations,deciduous,Plantations,Open Area,1795,Buk'ata,North,4268.51,0.67,0.45,0.6715095,0.4553915,0.20145285,0.13661745,1,1,1000,8,0.0344,0.0344,0,0.07528698,0.04088698
194,בוקעאתה,4.10,plantations,deciduous,Plantations,Open Area,1805,Buk'ata,North,4103.69,0.64,0.44,0.6438435,0.4366295,0.19315305,0.13098885,1,1,1000,8,0.0328,0.0328,0,0.07207554,0.03927554
263,בוקעאתה,2.00,plantations,deciduous,Plantations,Open Area,1825,Buk'ata,North,2035.83,0.32,0.22,0.31755,0.21535,0.095265,0.064605,1,1,1000,8,0.016,0.016,0,0.035442,0.019442
340,בוקעאתה,5.20,plantations,deciduous,Plantations,Open Area,1805,Buk'ata,North,5228.98,0.82,0.56,0.816582,0.553774,0.2449746,0.1661322,1,1,1000,8,0.0416,0.0416,0,0.09141288,0.04981288
431,בוקעאתה,0.40,plantations,deciduous,Plantations,Open Area,1795,Buk'ata,North,442.63,0.07,0.05,0.062466,0.042362,0.0187398,0.0127086,1,1,1000,8,0.0032,0.0032,0,0.00700344,0.00380344
717,בוקעאתה,1.90,plantations,deciduous,Plantations,Open Area,1815,Buk'ata,North,1876.34,0.30,0.2,0.3000195,0.2034615,0.09000585,0.06103845,1,1,1000,8,0.0152,0.0152,0,0.03353538,0.01833538
841,בוקעאתה,4.60,plantations,deciduous,Plantations,Open Area,1815,Buk'ata,North,4623.07,0.73,0.5,0.726363,0.492591,0.2179089,0.1477773,1,1,1000,8,0.0368,0.0368,0,0.08119092,0.04439092
922,בוקעאתה,1.00,plantations,deciduous,Plantations,Open Area,1825,Buk'ata,North,964.27,0.15,0.1,0.158775,0.107675,0.0476325,0.0323025,1,1,1000,8,0.008,0.008,0,0.017721,0.009721
378,בורגתה,10.06,non-processed,non-processed,Not cultivated,Open Area,1755,Emek Hefer,Center,10062.30,1.54,1.04,1.536324036,1.041874921,0.460897211,0.312562476,1,1,0,0,0,0,0,0.12502499,0.12502499
629,ביטחה,12.64,vegetables,general vegetables,Vegetables & field crops in uncovered area,Open Area,1805,Merhavim,South,12637.50,1.98,1.35,1.984598341,1.345877036,0.595379502,0.403763111,1,1.1,2000,5,0.126379364,0.1390173,0.012637936,0.244915624,0.105898324
733,ביר אל-מכסור,2.17,plantations,general plantation,Plantations,Open Area,1755,Bir al Maksur,North,2177.83,0.33,0.23,0.33132645,0.22469265,0.099397935,0.067407795,1,1,1000,5,0.01085,0.01085,0,0.033473118,0.022623118
5,ביר אל-מכסור,0.80,plantations,olives,Plantations,Open Area,1755,Bir al Maksur,North,840.13,0.13,0.09,0.122148,0.082836,0.0366444,0.0248508,1,1,1000,8,0.0064,0.0064,0,0.01378032,0.00738032
489,בית אלעזרי,5.76,plantations,vineyard,Plantations,Open Area,1785,Brener,Center,5756.56,0.89,0.61,0.893957528,0.606247059,0.268187258,0.181874118,1,1,1000,20,0.11513024,0.11513024,0,0.141827791,0.026697551
956,בית אלפא,13.30,field crops,field crops general,Vegetables & field crops in uncovered area,Open Area,1755,Hagilbo'a,North,13319.00,2.03,1.38,2.0307105,1.3771485,0.60921315,0.41314455,1,1.04,2000,2,0.0532,0.055328,0.002128,0.19845462,0.14312662
109,בית ג'ן,3.80,plantations,olives,Plantations,Open Area,1775,Beit Jan,North,3804.64,0.59,0.4,0.586815,0.397955,0.1760445,0.1193865,1,1,1000,8,0.0304,0.0304,0,0.0659946,0.0355946
404,בית ג'ן,1.30,plantations,olives,Plantations,Open Area,1795,Beit Jan,North,1334.79,0.21,0.14,0.2030145,0.1376765,0.06090435,0.04130295,1,1,1000,8,0.0104,0.0104,0,0.02276118,0.01236118
546,בית ג'ן,1.30,plantations,olives,Plantations,Open Area,1765,Beit Jan,North,1255.88,0.19,0.13,0.1996215,0.1353755,0.05988645,0.04061265,1,1,1000,8,0.0104,0.0104,0,0.02248506,0.01208506
716,בית ג'ן,2.00,plantations,olives,Plantations,Open Area,1795,Beit Jan,North,1988.56,0.31,0.21,0.31233,0.21181,0.093699,0.063543,1,1,1000,8,0.016,0.016,0,0.0350172,0.0190172
937,בית ג'ן,0.40,plantations,olives,Plantations,Open Area,1765,Beit Jan,North,367.48,0.06,0.04,0.061422,0.041654,0.0184266,0.0124962,1,1,1000,8,0.0032,0.0032,0,0.00691848,0.00371848
357,בית ג'ן,1.90,others,open area crops,Vegetables & field crops in uncovered area,Open Area,1755,Beit Jan,North,1863.20,0.28,0.19,0.2901015,0.1967355,0.08703045,0.05902065,1,1,2000,5,0.019,0.019,0,0.03500826,0.01600826
987,בית ג'ן,1.60,others,open area crops,Vegetables & field crops in uncovered area,Open Area,1745,Beit Jan,North,1570.34,0.24,0.16,0.242904,0.164728,0.0728712,0.0494184,1,1,2000,5,0.016,0.016,0,0.02936736,0.01336736
115,בית גמליאל,14.18,field crops,field crops for seeds,Vegetables & field crops in uncovered area,Open Area,1795,Hevel Yavne,Center,14175.40,2.21,1.5,2.213709408,1.501251208,0.664112823,0.450375362,1,1.04,2000,2,0.056701807,0.058969879,0.002268072,0.215532072,0.156562193
710,בית גמליאל,9.84,field crops,field crops general,Vegetables & field crops in uncovered area,Open Area,1795,Hevel Yavne,Center,9841.12,1.54,1.04,1.536841422,1.042225792,0.461052427,0.312667738,1,1.04,2000,2,0.039364555,0.040939137,0.001574582,0.149630577,0.10869144
1,בית הגדי,20.70,citrus,exotic citrus,Citrus,Open Area,1825,Merhavim,South,20706.80,3.29,2.23,3.2866425,2.2288725,0.98599275,0.66866175,1,1.03,4000,6,0.4968,0.511704,0.014904,0.5744871,0.0627831
417,בית הלוי,5.66,flowers,greens,Flowers,Net House,1755,Emek Hefer,Center,5663.09,0.86,0.59,0.864646453,0.586369434,0.259393936,0.17591083,1,1.05,500,20,0.05662943,0.059460902,0.002831472,0.106040873,0.046579971
571,בית הלל,9.30,citrus,grapefruits,Citrus,Open Area,1735,Mevo'ot Hahermon,North,9347.98,1.41,0.96,1.4037885,0.9519945,0.42113655,0.28559835,1,1.03,4000,4,0.1488,0.153264,0.004464,0.20619774,0.05293374
170,בית הלל,5.80,plantations,nuts,Plantations,Open Area,1735,Hagalil Ha'elyon,North,5814.74,0.88,0.6,0.875481,0.593717,0.2626443,0.1781151,1,1,1000,15,0.087,0.087,0,0.12344604,0.03644604
511,בית זרע,15.62,plantations,olives,Plantations,Open Area,1715,Emek Hayarden,North,15623.80,2.33,1.58,2.331120078,1.580874536,0.699336023,0.474262361,1,1,1000,8,0.124988845,0.124988845,0,0.264698251,0.139709406
828,בית חלקיה,8.02,plantations,olives,Plantations,Open Area,1785,Nahal Sorek,Center,8022.66,1.25,0.84,1.2458674,0.844898581,0.37376022,0.253469574,1,1,1000,8,0.064180683,0.064180683,0,0.13989624,0.075715556
856,בית חנן,30.95,field crops,field crops general,Vegetables & field crops in uncovered area,Open Area,1795,Gan Ra've,Center,30953.70,4.83,3.28,4.833891216,3.278156112,1.450167365,0.983446834,1,1.04,2000,2,0.12381497,0.128767569,0.004952599,0.470639275,0.341871706
592,בית חנן,8.57,non-processed,non-processed,Not cultivated,Open Area,1795,Gan Ra've,Center,8568.81,1.34,0.91,1.338149841,0.907480927,0.401444952,0.272244278,1,1,0,0,0,0,0,0.108897711,0.108897711
713,בית יוסף,6.32,others,open area crops,Vegetables & field crops in uncovered area,Open Area,1725,Emek Hama'ayanot,North,6323.59,0.95,0.64,0.948997816,0.643573231,0.284699345,0.193071969,1,1,2000,5,0.063234904,0.063234904,0,0.11516973,0.051934826
978,בית יוסף,10.70,others,open area crops,Vegetables & field crops in uncovered area,Open Area,1725,Emek Hama'ayanot,North,10725.00,1.61,1.09,1.6058025,1.0889925,0.48174075,0.32669775,1,1,2000,5,0.107,0.107,0,0.1948791,0.0878791
670,בית יוסף,3.30,vegetables,tomatoes,Vegetables in covered area,Greenhouse,1725,Emek Hama'ayanot,North,3250.32,0.49,0.33,0.4952475,0.3358575,0.14857425,0.10075725,1,1.1,2000,6,0.0396,0.04356,0.00396,0.0664389,0.0228789
250,בית יצחק - שער חפ,3.46,non-processed,non-processed,Not cultivated,Open Area,1765,Emek Hefer,Center,3464.69,0.53,0.36,0.532010397,0.36078866,0.159603119,0.108236598,1,1,0,0,0,0,0,0.043294639,0.043294639
52,בית נחמיה,8.37,others,open area crops,Vegetables & field crops in uncovered area,Open Area,1765,Hevel Modi'in,Center,8365.77,1.28,0.87,1.284573411,0.871147485,0.385372023,0.261344246,1,1,2000,5,0.08365559,0.08365559,0,0.154731052,0.071075462
276,בית ניר,17.11,plantations,olives,Plantations,Open Area,1775,Yoav,South,17110.20,2.64,1.79,2.642199674,1.791836561,0.792659902,0.537550968,1,1,1000,8,0.136879374,0.136879374,0,0.297148012,0.160268638
328,בית עובד,2.78,citrus,grapefruits,Citrus,Open Area,1785,Gan Ra've,Center,2783.58,0.43,0.29,0.432275798,0.293152553,0.129682739,0.087945766,1,1.03,4000,4,0.044537253,0.045873371,0.001336118,0.062702329,0.016828958
265,בית עוזיאל,3.28,vegetables,general vegetables,Vegetables & field crops in uncovered area,Open Area,1775,Gezer,Center,3278.69,0.51,0.34,0.506299902,0.343352807,0.151889971,0.103005842,1,1.1,2000,5,0.032786136,0.036064749,0.003278614,0.062841186,0.026776437
783,בית קמה,96.40,field crops,field crops for silage,Vegetables & field crops in uncovered area,Open Area,1805,Bnei Shim'on,South,96354.30,15.13,10.26,15.138174,10.266118,4.5414522,3.0798354,1,1.04,2000,4,0.7712,0.802048,0.030848,1.71316296,0.91111496
123,בית קמה,69.50,vegetables,general vegetables,Vegetables & field crops in uncovered area,Open Area,1805,Bnei Shim'on,South,69481.20,10.91,7.4,10.9139325,7.4014025,3.27417975,2.22042075,1,1.1,2000,5,0.695,0.7645,0.0695,1.3468683,0.5823683
218,בית קשת,140.40,field crops,field crops general,Vegetables & field crops in uncovered area,Open Area,1745,Emek Yizrael,North,-140412.00,-21.32,-14.46,21.314826,14.454882,6.3944478,4.3364646,1,1.04,2000,2,0.5616,0.584064,0.022464,2.08502424,1.50096024
842,בית שקמה,17.46,field crops,field crops general,Vegetables & field crops in uncovered area,Open Area,1805,Hof Ashkelon,South,17460.40,2.74,1.86,2.742003535,1.859519639,0.822601061,0.557855892,1,1.04,2000,2,0.069844392,0.072638168,0.002793776,0.266725257,0.194087089
744,בלפוריה,10.10,others,open area crops,Vegetables & field crops in uncovered area,Open Area,1745,Emek Yizrael,North,10090.40,1.53,1.04,1.5333315,1.0398455,0.45999945,0.31195365,1,1,2000,5,0.101,0.101,0,0.18538146,0.08438146
467,בני דרום,4.24,vegetables,F1 hybrid seeds,Vegetables & field crops in uncovered area,Open Area,1805,Hevel Yavne,Center,4235.84,0.67,0.45,0.665186124,0.451103233,0.199555837,0.13533097,1,1,500,1000,2.11795499,2.11795499,0,1.324905382,-0.793049608
705,בני דרור,27.10,citrus,orange-like,Citrus,Open Area,1765,Lev Hasharon,Center,27147.20,4.17,2.83,4.1613405,2.8220585,1.24840215,0.84661755,1,1.03,4000,4,0.4336,0.446608,0.013008,0.60661182,0.16000382
972,בני ציון,0.74,field crops,field crops general,Vegetables & field crops in uncovered area,Open Area,1765,Hof Hasharon,Center,736.92,0.11,0.08,0.113155808,0.076737847,0.033946742,0.023021354,1,1.04,2000,2,0.002947629,0.003065535,0.000117905,0.011047862,0.007982328
209,בניה,10.08,field crops,field crops general,Vegetables & field crops in uncovered area,Open Area,1795,Brener,Center,10079.10,1.57,1.07,1.574017579,1.067437209,0.472205274,0.320231163,1,1.04,2000,2,0.040316782,0.041929454,0.001612671,0.153250137,0.111320684
233,בניה,21.07,field crops,field crops general,Vegetables & field crops in uncovered area,Open Area,1785,Brener,Center,21068.90,3.27,2.22,3.271915019,2.218884898,0.981574506,0.665665469,1,1.04,2000,2,0.08427612,0.087647165,0.003371045,0.318854487,0.231207322
303,בניה,9.05,flowers,flowers nursery,Flowers,Open Area,1795,Brener,Center,9052.35,1.41,0.96,1.413665094,0.95869242,0.424099528,0.287607726,1,1.05,500,20,0.090523811,0.095050002,0.004526191,0.172073091,0.07702309
306,בנימינה,11.00,plantations,deciduous,Plantations,Open Area,1735,Binyamina - Giv'at Ada,Haifa,11002.50,1.66,1.13,1.660395,1.126015,0.4981185,0.3378045,1,1,1000,8,0.088,0.088,0,0.1879218,0.0999218
366,בנימינה,12.50,plantations,deciduous,Plantations,Open Area,1745,Binyamina - Giv'at Ada,Haifa,12466.00,1.89,1.28,1.8976875,1.2869375,0.56930625,0.38608125,1,1,1000,8,0.1,0.1,0,0.2144325,0.1144325
435,בנימינה,3.50,plantations,deciduous,Plantations,Open Area,1735,Binyamina - Giv'at Ada,Haifa,3525.40,0.53,0.36,0.5283075,0.3582775,0.15849225,0.10748325,1,1,1000,8,0.028,0.028,0,0.0597933,0.0317933
849,בנימינה,9.80,plantations,deciduous,Plantations,Open Area,1735,Binyamina - Giv'at Ada,Haifa,9770.36,1.47,1,1.479261,1.003177,0.4437783,0.3009531,1,1,1000,8,0.0784,0.0784,0,0.16742124,0.08902124
869,בנימינה,5.90,plantations,deciduous,Plantations,Open Area,1745,Binyamina - Giv'at Ada,Haifa,5905.15,0.90,0.61,0.8957085,0.6074345,0.26871255,0.18223035,1,1,1000,8,0.0472,0.0472,0,0.10121214,0.05401214
352,בנימינה,1.07,vegetables,general vegetables,Vegetables in covered area,Greenhouse,1745,Binyamina - Giv'at Ada,Haifa,1068.04,0.16,0.11,0.162139965,0.109956988,0.04864199,0.032987096,1,1.1,2000,5,0.010680102,0.011748112,0.00106801,0.020243706,0.008495594
228,בנימינה,2.30,citrus,non-processed,Not cultivated,Open Area,1745,Binyamina - Giv'at Ada,Haifa,2343.50,0.36,0.24,0.3491745,0.2367965,0.10475235,0.07103895,1,1,0,0,0,0,0,0.02841558,0.02841558
271,בנימינה,4.80,non-processed,non-processed,Not cultivated,Open Area,1745,Binyamina - Giv'at Ada,Haifa,4766.22,0.72,0.49,0.728712,0.494184,0.2186136,0.1482552,1,1,0,0,0,0,0,0.05930208,0.05930208
585,בנימינה,19.00,plantations,subtropical,Plantations and Citrus in covered area,Greenhouse,1735,Binyamina - Giv'at Ada,Haifa,18988.90,2.87,1.94,2.867955,1.944935,0.8603865,0.5834805,1,1,1000,5,0.095,0.095,0,0.2903922,0.1953922
661,בנימינה,3.80,plantations,subtropical,Plantations and Citrus in covered area,Net Cover,1735,Binyamina - Giv'at Ada,Haifa,3840.18,0.58,0.39,0.573591,0.388987,0.1720773,0.1166961,1,1,1000,5,0.019,0.019,0,0.05807844,0.03907844
736,בנימינה,3.00,plantations,subtropical,Plantations,Open Area,1745,Binyamina - Giv'at Ada,Haifa,2953.95,0.45,0.3,0.455445,0.308865,0.1366335,0.0926595,1,1,1000,5,0.015,0.015,0,0.0460638,0.0310638
963,בנימינה,8.80,plantations,subtropical,Plantations and Citrus in covered area,Greenhouse,1735,Binyamina - Giv'at Ada,Haifa,8836.90,1.33,0.9,1.328316,0.900812,0.3984948,0.2702436,1,1,1000,5,0.044,0.044,0,0.13449744,0.09049744
379,בנימינה,22.20,plantations,vineyard,Plantations,Open Area,1735,Binyamina - Giv'at Ada,Haifa,22244.80,3.36,2.28,3.350979,2.272503,1.0052937,0.6817509,1,1,1000,20,0.444,0.444,0,0.53910036,0.09510036
548,"בסמ""ה",125.36,plantations,olives,Plantations,Open Area,1725,Basma,Haifa,125368.00,18.81,12.76,18.81391943,12.7588649,5.644175829,3.82765947,1,1,1000,8,1.002907582,1.002907582,0,2.132808337,1.129900755
624,"בסמ""ה",21.60,plantations,olives,Plantations,Open Area,1735,Basma,Haifa,21621.10,3.26,2.21,3.260412,2.211084,0.9781236,0.6633252,1,1,1000,8,0.1728,0.1728,0,0.36901008,0.19621008
680,בסמת טאבעון,12.60,plantations,olives,Plantations,Open Area,1755,Basmat Tivon,North,12586.20,1.92,1.3,1.923831,1.304667,0.5771493,0.3914001,1,1,1000,8,0.1008,0.1008,0,0.21704004,0.11624004
81,בעינה-נג'ידאת,3.35,plantations,olives,Plantations,Open Area,1745,Bu'eyne - Nujidat,North,3352.81,0.51,0.35,0.50858025,0.34489925,0.152574075,0.103469775,1,1,1000,8,0.0268,0.0268,0,0.05746791,0.03066791
1011,בעינה-נג'ידאת,6.02,plantations,olives,Plantations,Open Area,1745,Bu'eyne - Nujidat,North,6020.83,0.91,0.62,0.9139263,0.6197891,0.27417789,0.18593673,1,1,1000,8,0.04816,0.04816,0,0.103270692,0.055110692
274,בענה,0.55,plantations,olives,Plantations,Open Area,1755,Ba'ana,North,553.26,0.08,0.06,0.084470527,0.05728461,0.025341158,0.017185383,1,1,1000,8,0.004425872,0.004425872,0,0.009529676,0.005103805
445,בענה,8.50,plantations,olives,Plantations,Open Area,1755,Ba'ana,North,8525.02,1.30,0.88,1.2978225,0.8801325,0.38934675,0.26403975,1,1,1000,8,0.068,0.068,0,0.1464159,0.0784159
561,בענה,0.80,plantations,olives,Plantations,Open Area,1755,Ba'ana,North,751.00,0.11,0.08,0.122148,0.082836,0.0366444,0.0248508,1,1,1000,8,0.0064,0.0064,0,0.01378032,0.00738032
148,בצרון,12.20,plantations,deciduous,Plantations,Open Area,1795,Be'er Tuvya,South,12219.80,1.91,1.29,1.905213,1.292041,0.5715639,0.3876123,1,1,1000,8,0.0976,0.0976,0,0.21360492,0.11600492
568,בצרון,16.60,plantations,deciduous,Plantations,Open Area,1795,Be'er Tuvya,South,16575.30,2.59,1.76,2.592339,1.758023,0.7777017,0.5274069,1,1,1000,8,0.1328,0.1328,0,0.29064276,0.15784276
78,בצרון,23.20,field crops,field crops general,Vegetables & field crops in uncovered area,Open Area,1795,Be'er Tuvya,South,23182.00,3.62,2.46,3.623028,2.456996,1.0869084,0.7370988,1,1.04,2000,2,0.0928,0.096512,0.003712,0.35274672,0.25623472
83,בצת,14.00,plantations,subtropical,Plantations,Open Area,1725,Ma'te Asher,North,13995.10,2.10,1.42,2.10105,1.42485,0.630315,0.427455,1,1,1000,5,0.07,0.07,0,0.212982,0.142982
62,בקוע,8.70,field crops,field crops general,Vegetables & field crops in uncovered area,Open Area,1765,Ma'te Yehuda,Jerusalem,8692.20,1.33,0.91,1.3359285,0.9059745,0.40077855,0.27179235,1,1.04,2000,2,0.0348,0.036192,0.001392,0.13043214,0.09424014
543,בקעות,9.20,plantations,vineyard,Plantations and Citrus in covered area,Greenhouse,1775,Jordan valley,Other,9176.76,1.42,0.96,1.42071,0.96347,0.426213,0.289041,1,1,1000,20,0.184,0.184,0,0.2260164,0.0420164
634,ברוש,5.00,vegetables,tomatoes,Vegetables in covered area,Greenhouse,1805,Merhavim,South,4987.48,0.78,0.53,0.785175,0.532475,0.2355525,0.1597425,1,1.1,2000,6,0.06,0.066,0.006,0.103497,0.037497
999,ברכיה,32.00,vegetables,general vegetables,Vegetables & field crops in uncovered area,Open Area,1805,Lahish,South,31975.30,5.02,3.41,5.02512,3.40784,1.507536,1.022352,1,1.1,2000,5,0.32,0.352,0.032,0.6201408,0.2681408
386,ברעם,9.90,plantations,deciduous,Plantations and Citrus in covered area,Net Cover,1795,Hagalil Ha'elyon,North,-9875.37,-1.54,-1.05,1.5460335,1.0484595,0.46381005,0.31453785,1,1,1000,8,0.0792,0.0792,0,0.17333514,0.09413514
455,בת שלמה,6.00,plantations,deciduous,Plantations,Open Area,1735,Hof Hacarmel,Haifa,6044.83,0.91,0.62,0.90567,0.61419,0.271701,0.184257,1,1,1000,8,0.048,0.048,0,0.1025028,0.0545028
692,בת שלמה,10.50,plantations,general plantation,Plantations,Open Area,1735,Hof Hacarmel,Haifa,10502.90,1.59,1.08,1.5849225,1.0748325,0.47547675,0.32244975,1,1,1000,5,0.0525,0.0525,0,0.1604799,0.1079799
51,בת שלמה,5.08,non-processed,non-processed,Not cultivated,Open Area,1725,Hof Hacarmel,Haifa,5082.62,0.76,0.52,0.762748534,0.517266247,0.22882456,0.155179874,1,1,0,0,0,0,0,0.06207195,0.06207195
289,ג'דידה-מכר,5.05,plantations,olives,Plantations,Open Area,1725,Jdeyde - Ma'ker,North,5047.70,0.76,0.51,0.757501886,0.513708176,0.227250566,0.154112453,1,1,1000,8,0.040379911,0.040379911,0,0.085872927,0.045493017
443,ג'דידה-מכר,29.83,plantations,olives,Plantations,Open Area,1725,Jdeyde - Ma'ker,North,29827.70,4.48,3.04,4.476232338,3.035605838,1.342869701,0.910681751,1,1,1000,8,0.238613085,0.238613085,0,0.507440551,0.268827467
447,ג'וליס,1.39,plantations,olives,Plantations,Open Area,1725,Julis,North,1386.03,0.21,0.14,0.207999917,0.141057415,0.062399975,0.042317225,1,1,1000,8,0.011087785,0.011087785,0,0.023579561,0.012491776
776,ג'וליס,0.60,plantations,olives,Plantations,Open Area,1725,Julis,North,584.67,0.09,0.06,0.090045,0.061065,0.0270135,0.0183195,1,1,1000,8,0.0048,0.0048,0,0.0102078,0.0054078
167,ג'יש,1.50,plantations,deciduous,Plantations,Open Area,1795,Jish (Gush Halav),North,1489.30,0.23,0.16,0.2342475,0.1588575,0.07027425,0.04765725,1,1,1000,8,0.012,0.012,0,0.0262629,0.0142629
494,ג'יש,0.73,plantations,deciduous,Plantations,Open Area,1795,Jish (Gush Halav),North,733.22,0.11,0.08,0.114499015,0.077648757,0.034349704,0.023294627,1,1,1000,8,0.00586554,0.00586554,0,0.012837175,0.006971635
882,ג'יש,0.40,plantations,deciduous,Plantations,Open Area,1795,Jish (Gush Halav),North,383.57,0.06,0.04,0.062466,0.042362,0.0187398,0.0127086,1,1,1000,8,0.0032,0.0032,0,0.00700344,0.00380344
915,ג'יש,1.37,plantations,olives,Plantations,Open Area,1795,Jish (Gush Halav),North,1370.62,0.21,0.15,0.214035901,0.145150784,0.06421077,0.043545235,1,1,1000,8,0.010964603,0.010964603,0,0.023996856,0.013032253
361,ג'ת,33.10,plantations,olives,Plantations,Open Area,1735,Baka al Rarbiya,Haifa,33062.00,4.99,3.38,4.9962795,3.3882815,1.49888385,1.01648445,1,1,1000,8,0.2648,0.2648,0,0.56547378,0.30067378
210,ג'ת,2.30,vegetables,periodic vegetables,Vegetables & field crops in uncovered area,Open Area,1735,jat,Haifa,2296.50,0.35,0.24,0.346634124,0.235073716,0.103990237,0.070522115,1,1.1,2000,5,0.022964267,0.025260693,0.002296427,0.043365262,0.018104569
890,גבים,336.30,field crops,field crops general,Vegetables & field crops in uncovered area,Open Area,1805,Sha'ar Hanegev,South,336270.00,52.81,35.81,52.8108705,35.8142685,15.84326115,10.74428055,1,1.04,2000,2,1.3452,1.399008,0.053808,5.13711702,3.73810902
239,גבע,28.40,field crops,field crops for silage,Vegetables & field crops in uncovered area,Open Area,1745,Hagilbo'a,North,28357.40,4.31,2.92,4.311546,2.923922,1.2934638,0.8771766,1,1.04,2000,4,0.2272,0.236288,0.009088,0.49264344,0.25635544
946,גבע,45.00,field crops,field crops general,Vegetables & field crops in uncovered area,Open Area,1745,Hagilbo'a,North,44995.50,6.83,4.63,6.831675,4.632975,2.0495025,1.3898925,1,1.04,2000,2,0.18,0.1872,0.0072,0.668277,0.481077
855,גבע כרמל,4.00,vegetables,cucumbers,Vegetables in covered area,Greenhouse,1735,Hof Hacarmel,Haifa,4033.58,0.61,0.41,0.60378,0.40946,0.181134,0.122838,1,1.1,2000,6,0.048,0.0528,0.0048,0.0808152,0.0280152
269,גבע כרמל,2.90,vegetables,peppers,Vegetables in covered area,Greenhouse,1735,Hof Hacarmel,Haifa,2861.64,0.43,0.29,0.4377405,0.2968585,0.13132215,0.08905755,1,1.1,2000,7,0.0406,0.04466,0.00406,0.06241902,0.01775902
685,גבע כרמל,1.30,vegetables,peppers,Vegetables in covered area,Greenhouse,1735,Hof Hacarmel,Haifa,1293.30,0.20,0.13,0.1962285,0.1330745,0.05886855,0.03992235,1,1.1,2000,7,0.0182,0.02002,0.00182,0.02798094,0.00796094
295,גבעת יואב,20.10,field crops,field crops for silage,Vegetables & field crops in uncovered area,Open Area,1765,Golan,North,20110.00,3.09,2.09,3.0864555,2.0931135,0.92593665,0.62793405,1,1.04,2000,4,0.1608,0.167232,0.006432,0.35151282,0.18428082
182,גבעת יואב,12.70,citrus,grapefruits,Citrus,Open Area,1745,Golan,North,12718.40,1.93,1.31,1.9280505,1.3075285,0.57841515,0.39225855,1,1.03,4000,4,0.2032,0.209296,0.006096,0.28248102,0.07318502
127,"גבעת כ""ח",2.16,vegetables,peppers,Vegetables in covered area,Greenhouse,1755,Hevel Modi'in,Center,2162.33,0.33,0.22,0.330147026,0.22389281,0.099044108,0.067167843,1,1.1,2000,7,0.030271856,0.033299042,0.003027186,0.046846562,0.013547521
230,גבעת עדה,14.90,plantations,deciduous,Plantations,Open Area,1735,Binyamina - Giv'at Ada,Haifa,14915.60,2.25,1.53,2.2490805,1.5252385,0.67472415,0.45757155,1,1,1000,8,0.1192,0.1192,0,0.25454862,0.13534862
626,גבעת עדה,4.30,field crops,field crops general,Vegetables & field crops in uncovered area,Open Area,1735,Binyamina - Giv'at Ada,Haifa,4263.64,0.64,0.44,0.6490635,0.4401695,0.19471905,0.13205085,1,1.04,2000,2,0.0172,0.017888,0.000688,0.06355314,0.04566514
602,גבעת שפירא,12.00,citrus,peelables,Citrus,Open Area,1765,Emek Hefer,Center,11984.00,1.84,1.25,1.84266,1.24962,0.552798,0.374886,1,1.03,4000,6,0.288,0.29664,0.00864,0.3279384,0.0312984
236,גבעתי,229.20,field crops,field crops for seeds,Vegetables & field crops in uncovered area,Open Area,1805,Be'er Tuvya,South,229206.00,35.99,24.41,35.992422,24.408654,10.7977266,7.3225962,1,1.04,2000,2,0.9168,0.953472,0.036672,3.50112168,2.54764968
660,גבעתי,13.50,vegetables,lettuce,Vegetables & field crops in uncovered area,Open Area,1805,Be'er Tuvya,South,13491.40,2.12,1.44,2.1199725,1.4376825,0.63599175,0.43130475,1,1.1,2000,5,0.135,0.1485,0.0135,0.2616219,0.1131219
800,גברעם,5.80,others,open area crops,Vegetables & field crops in uncovered area,Open Area,1805,Hof Ashkelon,South,5784.77,0.91,0.62,0.910803,0.617671,0.2732409,0.1853013,1,1,2000,5,0.058,0.058,0,0.10892052,0.05092052
967,גבת,68.51,field crops,field crops for silage,Vegetables & field crops in uncovered area,Open Area,1745,Emek Yizrael,North,68508.70,10.40,7.05,10.40021348,7.053018338,3.120064045,2.115905501,1,1.04,2000,4,0.548046687,0.569968555,0.021921867,1.188343334,0.618374779
530,גדיש,13.33,others,open area crops,Vegetables & field crops in uncovered area,Open Area,1745,Hagilbo'a,North,13329.30,2.02,1.37,2.023501702,1.372259775,0.607050511,0.411677932,1,1,2000,5,0.133287337,0.133287337,0,0.244643575,0.111356238
826,גדיש,11.71,others,open area crops,Vegetables & field crops in uncovered area,Open Area,1745,Hagilbo'a,North,11706.30,1.78,1.21,1.777117138,1.205171393,0.533135141,0.361551418,1,1,2000,5,0.117058073,0.117058073,0,0.214855411,0.097797338
870,גדרה,104.10,field crops,field crops general,Vegetables & field crops in uncovered area,Open Area,1795,Gedera,Center,104087.00,16.25,11.02,16.2567765,11.0247105,4.87703295,3.30741315,1,1.04,2000,2,0.4164,0.433056,0.016656,1.58279886,1.14974286
523,גורן,4.27,plantations,deciduous,Plantations,Open Area,1705,Ma'ale Yosef,North,4266.80,0.63,0.43,0.632889971,0.429201244,0.189866991,0.128760373,1,1,1000,8,0.034133008,0.034133008,0,0.071983954,0.037850946
931,גיאה,18.38,field crops,field crops general,Vegetables & field crops in uncovered area,Open Area,1805,Hof Ashkelon,South,18383.70,2.89,1.96,2.886990801,1.957844336,0.86609724,0.587353301,1,1.04,2000,2,0.073537512,0.076479013,0.0029415,0.280828728,0.204349715
933,גיאה,61.60,others,open area crops,Vegetables & field crops in uncovered area,Open Area,1805,Hof Ashkelon,South,61568.40,9.67,6.56,9.673356,6.560092,2.9020068,1.9680276,1,1,2000,5,0.616,0.616,0,1.15681104,0.54081104
497,גילגל,12.20,plantations,vineyard,Plantations and Citrus in covered area,Greenhouse,1765,Jordan valley,Other,12227.20,1.88,1.27,1.873371,1.270447,0.5620113,0.3811341,1,1,1000,20,0.244,0.244,0,0.29885364,0.05485364
462,גילת,11.95,field crops,field crops general,Vegetables & field crops in uncovered area,Open Area,1805,Merhavim,South,11951.50,1.88,1.27,1.876861676,1.27281424,0.563058503,0.381844272,1,1.04,2000,2,0.047807474,0.049719773,0.001912299,0.182569573,0.1328498
260,גינוסר,9.30,plantations,subtropical,Plantations,Open Area,1725,Emek Hayarden,North,9330.43,1.40,0.95,1.3956975,0.9465075,0.41870925,0.28395225,1,1,1000,5,0.0465,0.0465,0,0.1414809,0.0949809
581,גיניגר,15.40,field crops,field crops general,Vegetables & field crops in uncovered area,Open Area,1745,Emek Yizrael,North,15428.20,2.34,1.59,2.337951,1.585507,0.7013853,0.4756521,1,1.04,2000,2,0.0616,0.064064,0.002464,0.22869924,0.16463524
650,גיתית,12.20,plantations,vineyard,Plantations and Citrus in covered area,Greenhouse,1765,Jordan valley,Other,12200.60,1.87,1.27,1.873371,1.270447,0.5620113,0.3811341,1,1,1000,20,0.244,0.244,0,0.29885364,0.05485364
174,גלאון,18.40,plantations,subtropical,Plantations,Open Area,1785,Yoav,South,18448.20,2.86,1.94,2.857428,1.937796,0.8572284,0.5813388,1,1,1000,5,0.092,0.092,0,0.28773552,0.19573552
391,גליל עליון מז מא,6.20,plantations,olives,Plantations,Open Area,1795,Merom Hagalil,North,6180.32,0.97,0.65,0.968223,0.656611,0.2904669,0.1969833,1,1,1000,8,0.0496,0.0496,0,0.10855332,0.05895332
551,גליל תחתון מז מא,18.50,others,open area crops,Vegetables & field crops in uncovered area,Open Area,1755,Hagalil Hatahton,North,18466.00,2.82,1.91,2.8246725,1.9155825,0.84740175,0.57467475,1,1,2000,5,0.185,0.185,0,0.3408699,0.1558699
79,גן יאשיה,1.50,flowers,flowers nursery,Flowers,Greenhouse,1735,Emek Hefer,Center,1524.67,0.23,0.16,0.2264175,0.1535475,0.06792525,0.04606425,1,1.05,500,20,0.015,0.01575,0.00075,0.0278757,0.0121257
640,גן יאשיה,7.90,plantations,olives,Plantations,Open Area,1735,Emek Hefer,Center,7946.36,1.20,0.81,1.1924655,0.8086835,0.35773965,0.24260505,1,1,1000,8,0.0632,0.0632,0,0.13496202,0.07176202
974,גן יבנה,12.80,plantations,olives,Plantations,Open Area,1805,Gan Yavne,Center,12816.30,2.01,1.36,2.010048,1.363136,0.6030144,0.4089408,1,1,1000,8,0.1024,0.1024,0,0.22501632,0.12261632
1018,גן שורק,2.53,citrus,peelables,Citrus,Open Area,1795,Gan Ra've,Center,2532.84,0.40,0.27,0.39554305,0.268241838,0.118662915,0.080472551,1,1.03,4000,6,0.060788481,0.062612136,0.001823654,0.069756302,0.007144166
248,גני יוחנן,2.64,vegetables,general vegetables,Vegetables & field crops in uncovered area,Open Area,1785,Mazkeret Batya,Center,2644.16,0.41,0.28,0.410621077,0.278467167,0.123186323,0.08354015,1,1.1,2000,5,0.026441359,0.029085494,0.002644136,0.050867357,0.021781862
961,געתון,2.80,vegetables,tomatoes,Vegetables & field crops in uncovered area,Open Area,1695,Ma'te Asher,North,2757.62,0.41,0.28,0.412902,0.280014,0.1238706,0.0840042,1,1.1,2000,6,0.0336,0.03696,0.00336,0.05577768,0.01881768
582,גשר הזיו,11.80,plantations,subtropical,Plantations and Citrus in covered area,Net House,1735,Ma'te Asher,North,11762.60,1.78,1.2,1.781151,1.207907,0.5343453,0.3623721,1,1,1000,5,0.059,0.059,0,0.18034884,0.12134884
903,גשר הזיו,11.50,plantations,subtropical,Plantations and Citrus in covered area,Net House,1735,Ma'te Asher,North,11479.90,1.73,1.18,1.7358675,1.1771975,0.52076025,0.35315925,1,1,1000,5,0.0575,0.0575,0,0.1757637,0.1182637
570,גת (קיבוץ),52.30,citrus,orange-like,Citrus,Open Area,1785,Yoav,South,52283.30,8.12,5.51,8.1219285,5.5079745,2.43657855,1.65239235,1,1.03,4000,4,0.8368,0.861904,0.025104,1.17809934,0.31619534
15,גת (קיבוץ),10.70,citrus,peelables,Citrus,Open Area,1785,Yoav,South,10671.00,1.66,1.12,1.6616565,1.1268705,0.49849695,0.33806115,1,1.03,4000,6,0.2568,0.264504,0.007704,0.29392686,0.02942286
745,דגניה א',69.90,plantations,subtropical,Plantations,Open Area,1715,Emek Hayarden,North,69914.40,10.43,7.07,10.4294295,7.0728315,3.12882885,2.12184945,1,1,1000,5,0.3495,0.3495,0,1.05843978,0.70893978
549,דוברת,10.60,others,open area crops,Vegetables & field crops in uncovered area,Open Area,1745,Emek Yizrael,North,10614.80,1.61,1.09,1.609239,1.091323,0.4827717,0.3273969,1,1,2000,5,0.106,0.106,0,0.19455876,0.08855876
310,דייר חנא,0.97,plantations,olives,Plantations,Open Area,1765,Dir Hana,North,974.59,0.15,0.1,0.149647039,0.101484774,0.044894112,0.030445432,1,1,1000,8,0.007796401,0.007796401,0,0.016856013,0.009059613
822,דייר חנא,11.00,others,open area crops,Vegetables & field crops in uncovered area,Open Area,1765,Dir Hana,North,11014.60,1.69,1.15,1.689105,1.145485,0.5067315,0.3436455,1,1,2000,5,0.11,0.11,0,0.2034582,0.0934582
58,דישון,4.12,plantations,deciduous,Plantations,Open Area,1765,Mevo'ot Hahermon,North,4117.72,0.63,0.43,0.632284041,0.428790327,0.189685212,0.128637098,1,1,1000,8,0.032941111,0.032941111,0,0.071219506,0.038278395
406,דישון,1.40,plantations,deciduous,Plantations,Open Area,1765,Mevo'ot Hahermon,North,1389.39,0.21,0.14,0.214977,0.145789,0.0644931,0.0437367,1,1,1000,8,0.0112,0.0112,0,0.02421468,0.01301468
928,דישון,5.50,non-processed,non-processed,Not cultivated,Open Area,1745,Mevo'ot Hahermon,North,5504.10,0.84,0.57,0.835589385,0.566664066,0.250676816,0.16999922,1,1,0,0,0,0,0,0.067999688,0.067999688
337,דלתון,4.50,plantations,vineyard,Plantations,Open Area,1805,Merom Hagalil,North,4517.76,0.71,0.48,0.7066575,0.4792275,0.21199725,0.14376825,1,1,1000,20,0.09,0.09,0,0.1115073,0.0215073
21,דמיידה,6.30,plantations,olives,Plantations,Open Area,1755,Misgav,North,6324.50,0.97,0.65,0.9619155,0.6523335,0.28857465,0.19570005,1,1,1000,8,0.0504,0.0504,0,0.10852002,0.05812002
427,דפנה,12.70,plantations,subtropical,Plantations,Open Area,1745,Hagalil Ha'elyon,North,12703.70,1.93,1.31,1.928607535,1.307906259,0.578582261,0.392371878,1,1,1000,5,0.063518346,0.063518346,0,0.195059759,0.131541413
557,דקל,23.20,citrus,peelables,Citrus,Open Area,1835,Eshkol,South,23182.50,3.70,2.51,3.703764,2.511748,1.1111292,0.7535244,1,1.03,4000,6,0.5568,0.573504,0.016704,0.64551216,0.07200816
480,דרום השרון מא 20,19.20,citrus,grapefruits,Citrus,Open Area,1755,Drom Hasharon,Center,19176.10,2.93,1.99,2.931552,1.988064,0.8794656,0.5964192,1,1.03,4000,4,0.3072,0.316416,0.009216,0.42841728,0.11200128
168,דריג'את,3.40,others,open area crops,Vegetables & field crops in uncovered area,Open Area,1865,al Kasum,South,3402.87,0.55,0.37,0.551667,0.374119,0.1655001,0.1122357,1,1,2000,5,0.034,0.034,0,0.06529428,0.03129428
37,הגושרים,95.50,field crops,field crops general,Vegetables & field crops in uncovered area,Open Area,1735,Kiryat Shemona,North,95540.50,14.42,9.78,14.4152475,9.7758575,4.32457425,2.93275725,1,1.04,2000,2,0.382,0.39728,0.01528,1.4114709,1.0141909
36,הוד השרון,4.69,non-processed,non-processed,Not cultivated,Open Area,1765,Hod Hasharon,Center,4694.88,0.72,0.49,0.720905529,0.488889956,0.216271659,0.146666987,1,1,0,0,0,0,0,0.058666795,0.058666795
221,הודיה,18.50,field crops,field crops for seeds,Vegetables & field crops in uncovered area,Open Area,1805,Hof Ashkelon,South,18481.60,2.90,1.97,2.9051475,1.9701575,0.87154425,0.59104725,1,1.04,2000,2,0.074,0.07696,0.00296,0.2825949,0.2056349
711,הודיה,33.10,field crops,field crops for seeds,Vegetables & field crops in uncovered area,Open Area,1805,Hof Ashkelon,South,33060.30,5.19,3.52,5.1978585,3.5249845,1.55935755,1.05749535,1,1.04,2000,2,0.1324,0.137696,0.005296,0.50561574,0.36791974
630,הודיה,3.30,field crops,field crops general,Vegetables & field crops in uncovered area,Open Area,1805,Hof Ashkelon,South,3337.09,0.52,0.36,0.5182155,0.3514335,0.15546465,0.10543005,1,1.04,2000,2,0.0132,0.013728,0.000528,0.05040882,0.03668082
1008,הזורעים,14.80,field crops,field crops general,Vegetables & field crops in uncovered area,Open Area,1735,Hagalil Hatahton,North,14797.80,2.23,1.51,2.233986,1.515002,0.6701958,0.4545006,1,1.04,2000,2,0.0592,0.061568,0.002368,0.21874104,0.15717304
219,הזורעים,50.00,others,open area crops,Vegetables & field crops in uncovered area,Open Area,1735,Hagalil Hatahton,North,49953.80,7.54,5.11,7.54725,5.11825,2.264175,1.535475,1,1,2000,5,0.5,0.5,0,0.91419,0.41419
911,החותרים,12.00,plantations,subtropical,Plantations and Citrus in covered area,Net House,1715,Hof Hacarmel,Haifa,11983.20,1.79,1.21,1.79046,1.21422,0.537138,0.364266,1,1,1000,5,0.06,0.06,0,0.1817064,0.1217064
149,הר הנגב הדרומי מ,0.80,others,greenhouse crops,Vegetables in covered area,Greenhouse,1865,Ha'arava Hatihona,South,770.55,0.13,0.08,0.129804,0.088028,0.0389412,0.0264084,1,1,2000,5,0.008,0.008,0,0.01536336,0.00736336
376,הר הנגב הדרומי מ,0.35,others,greenhouse crops,Vegetables in covered area,Greenhouse,1865,Ha'arava Hatihona,South,353.61,0.06,0.04,0.057373133,0.038908216,0.01721194,0.011672465,1,1,2000,5,0.003535986,0.003535986,0,0.006790577,0.003254592
866,הר הנגב הצפוני מ,11.60,others,open area crops,Vegetables & field crops in uncovered area,Open Area,1875,Ramat Negev,South,11611.00,1.89,1.28,1.89225,1.28325,0.567675,0.384975,1,1,2000,5,0.116,0.116,0,0.22359,0.10759
615,הראל,12.70,others,open area crops,Vegetables & field crops in uncovered area,Open Area,1755,Ma'te Yehuda,Jerusalem,12658.80,1.93,1.31,1.9390995,1.3150215,0.58172985,0.39450645,1,1,2000,5,0.127,0.127,0,0.23400258,0.10700258
754,הרי נצרת תירען,6.00,plantations,olives,Plantations,Open Area,1765,No Jurisdiction - Kefar Kana Area,North,5984.18,0.92,0.62,0.92133,0.62481,0.276399,0.187443,1,1,1000,8,0.048,0.048,0,0.1037772,0.0557772
125,הררית-יחד,3.60,others,open area crops,Vegetables & field crops in uncovered area,Open Area,1775,Misgav,North,3633.67,0.56,0.38,0.55593,0.37701,0.166779,0.113103,1,1,2000,5,0.036,0.036,0,0.0668412,0.0308412
287,ורד יריחו,12.10,non-processed,non-processed,Not cultivated,Open Area,1805,Megilot,Other,12073.90,1.90,1.29,1.9001235,1.2885895,0.57003705,0.38657685,1,1,0,0,0,0,0,0.15463074,0.15463074
914,זוהר,30.10,field crops,field crops general,Vegetables & field crops in uncovered area,Open Area,1795,Lahish,South,30062.40,4.69,3.18,4.7005665,3.1877405,1.41016995,0.95632215,1,1.04,2000,2,0.1204,0.125216,0.004816,0.45765846,0.33244246
950,זוהר,39.90,vegetables,general vegetables,Vegetables & field crops in uncovered area,Open Area,1795,Lahish,South,39877.90,6.23,4.22,6.2309835,4.2256095,1.86929505,1.26768285,1,1.1,2000,5,0.399,0.4389,0.0399,0.77041314,0.33151314
678,זימרת,7.20,field crops,field crops general,Vegetables & field crops in uncovered area,Open Area,1815,Sdot Negev,South,7161.60,1.13,0.77,1.136916,0.771012,0.3410748,0.2313036,1,1.04,2000,2,0.0288,0.029952,0.001152,0.11049264,0.08054064
229,זימרת,12.50,citrus,orange-like,Citrus,Open Area,1815,Sdot Negev,South,12521.20,1.98,1.34,1.9738125,1.3385625,0.59214375,0.40156875,1,1.03,4000,4,0.2,0.206,0.006,0.2842275,0.0782275
526,זיקים,174.30,field crops,field crops general,Vegetables & field crops in uncovered area,Open Area,1795,Lahish,South,-174336.00,-27.23,-18.46,27.2195595,18.4592415,8.16586785,5.53777245,1,1.04,2000,2,0.6972,0.725088,0.027888,2.65016178,1.92507378
761,זכרון יעקב,3.60,field crops,field crops general,Vegetables & field crops in uncovered area,Open Area,1745,Zih'ron Ya'akov,Haifa,3599.78,0.55,0.37,0.546484261,0.370604269,0.163945278,0.111181281,1,1.04,2000,2,0.014398689,0.014974637,0.000575948,0.053457294,0.038482657
390,זכרון יעקב,13.00,plantations,vineyard,Plantations,Open Area,1735,Zih'ron Ya'akov,Haifa,12966.90,1.96,1.33,1.962285,1.330745,0.5886855,0.3992235,1,1,1000,20,0.26,0.26,0,0.3156894,0.0556894
553,זכרון יעקב,10.20,plantations,vineyard,Plantations,Open Area,1735,Zih'ron Ya'akov,Haifa,10207.80,1.54,1.04,1.539639,1.044123,0.4618917,0.3132369,1,1,1000,20,0.204,0.204,0,0.24769476,0.04369476
984,זמר,1.90,vegetables,peppers,Vegetables in covered area,Greenhouse,1735,Zemer,Center,1870.61,0.28,0.19,0.2867955,0.1944935,0.08603865,0.05834805,1,1.1,2000,7,0.0266,0.02926,0.00266,0.04089522,0.01163522
409,זמר,1.75,vegetables,tomatoes,Vegetables in covered area,Greenhouse,1735,Zemer,Center,1745.40,0.26,0.18,0.263449921,0.17866144,0.079034976,0.053598432,1,1.1,2000,6,0.020944046,0.023038451,0.002094405,0.035262443,0.012223993
240,זרזיר,6.70,plantations,olives,Plantations,Open Area,1745,Zarzir,North,6670.52,1.01,0.69,1.0171605,0.6897985,0.30514815,0.20693955,1,1,1000,8,0.0536,0.0536,0,0.11493582,0.06133582
720,זרחיה,20.90,field crops,field crops general,Vegetables & field crops in uncovered area,Open Area,1795,Shafir,South,20917.20,3.27,2.22,3.2638485,2.2134145,0.97915455,0.66402435,1,1.04,2000,2,0.0836,0.086944,0.003344,0.31777614,0.23083214
688,חגור,13.77,non-processed,non-processed,Not cultivated,Open Area,1755,Drom Hasharon,Center,13774.80,2.10,1.43,2.103145704,1.426271224,0.630943711,0.427881367,1,1,0,0,0,0,0,0.171152547,0.171152547
285,חדיד,7.92,field crops,field crops for seeds,Vegetables & field crops in uncovered area,Open Area,1755,Hevel Modi'in,Center,7916.61,1.21,0.82,1.208715642,0.819703712,0.362614693,0.245911113,1,1.04,2000,2,0.031665603,0.032932227,0.001266624,0.118123782,0.085191555
625,חדרה,13.20,field crops,field crops for silage,Vegetables & field crops in uncovered area,Open Area,1745,Hadera,Haifa,13171.00,2.00,1.36,2.003958,1.359006,0.6011874,0.4077018,1,1.04,2000,4,0.1056,0.109824,0.004224,0.22897512,0.11915112
714,חדרה,61.00,vegetables,general vegetables,Vegetables & field crops in uncovered area,Open Area,1755,Hadera,Haifa,61012.20,9.32,6.32,9.313785,6.316245,2.7941355,1.8948735,1,1.1,2000,5,0.61,0.671,0.061,1.1605494,0.4895494
297,חדרה,3.80,citrus,peelables,Citrus,Open Area,1755,Hadera,Haifa,3766.35,0.58,0.39,0.580203,0.393471,0.1740609,0.1180413,1,1.03,4000,6,0.0912,0.093936,0.002736,0.10357812,0.00964212
785,חוגלה,3.60,plantations,deciduous,Plantations,Open Area,1755,Emek Hefer,Center,3615.80,0.55,0.37,0.549666,0.372762,0.1648998,0.1118286,1,1,1000,8,0.0288,0.0288,0,0.06201144,0.03321144
932,חוות נסיונות לכי,26.80,citrus,peelables,Citrus,Open Area,1795,Shafir,South,26786.60,4.18,2.84,4.185222,2.838254,1.2555666,0.8514762,1,1.03,4000,6,0.6432,0.662496,0.019296,0.73808808,0.07559208
865,חולית,6.40,non-processed,non-processed,Not cultivated,Open Area,1835,Eshkol,South,6353.08,1.01,0.69,1.021728,0.692896,0.3065184,0.2078688,1,1,0,0,0,0,0,0.08314752,0.08314752
48,חורפיש,0.90,plantations,olives,Plantations,Open Area,1745,Hurfeish,North,896.62,0.14,0.09,0.136115501,0.092308213,0.04083465,0.027692464,1,1,1000,8,0.007172704,0.007172704,0,0.015380608,0.008207904
735,חורפיש,0.91,plantations,olives,Plantations,Open Area,1745,Hurfeish,North,909.88,0.14,0.09,0.138128059,0.093673052,0.041438418,0.028101916,1,1,1000,8,0.007278757,0.007278757,0,0.01560802,0.008329263
884,חיבת ציון,7.53,flowers,flowers general,Flowers,Open Area,1755,Emek Hefer,Center,7525.74,1.15,0.78,1.149040297,0.779234224,0.344712089,0.233770267,1,1.05,500,20,0.075255611,0.079018392,0.003762781,0.140919142,0.06190075
636,חיבת ציון,3.72,flowers,greens,Flowers,Net House,1755,Emek Hefer,Center,3717.36,0.57,0.38,0.567571248,0.384904639,0.170271374,0.115471392,1,1.05,500,20,0.037172692,0.039031327,0.001858635,0.069607353,0.030576026
748,חלוץ,1.36,plantations,olives,Plantations,Open Area,1775,Kisrah - Smi'a,North,1360.83,0.21,0.14,0.210136991,0.142506695,0.063041097,0.042752008,1,1,1000,8,0.010886164,0.010886164,0,0.023632502,0.012746338
907,חלץ,31.40,field crops,field crops general,Vegetables & field crops in uncovered area,Open Area,1805,Hof Ashkelon,South,31380.80,4.93,3.34,4.930899,3.343943,1.4792697,1.0031829,1,1.04,2000,2,0.1256,0.130624,0.005024,0.47964756,0.34902356
642,חלץ,6.00,citrus,orange-like,Citrus,Open Area,1805,Hof Ashkelon,South,6039.12,0.95,0.64,0.94221,0.63897,0.282663,0.191691,1,1.03,4000,4,0.096,0.09888,0.00288,0.1360044,0.0371244
655,חלץ,17.10,vegetables,periodic spices and herbs,Vegetables & field crops in uncovered area,Open Area,1805,Hof Ashkelon,South,17055.70,2.68,1.82,2.6852985,1.8210645,0.80558955,0.54631935,1,1.1,2000,3,0.1026,0.11286,0.01026,0.28624374,0.17338374
596,חמד,3.55,field crops,field crops general,Vegetables & field crops in uncovered area,Open Area,1785,Sdot Dan,Center,3555.03,0.55,0.37,0.552072517,0.374394006,0.165621755,0.112318202,1,1.04,2000,2,0.014219969,0.014788768,0.000568799,0.053800541,0.039011774
533,חמד,2.16,flowers,flowers nursery,Flowers,Greenhouse,1775,Sdot Dan,Center,2164.04,0.33,0.23,0.334176932,0.226625736,0.10025308,0.067987721,1,1.05,500,20,0.02164008,0.022722084,0.001082004,0.040828339,0.018106255
372,חניאל,1.60,non-processed,non-processed,Not cultivated,Open Area,1745,Emek Hefer,Center,1602.70,0.24,0.17,0.24330713,0.165001387,0.072992139,0.049500416,1,1,0,0,0,0,0,0.019800166,0.019800166
208,חניאל,12.90,citrus,peelables,Citrus,Open Area,1745,Emek Hefer,Center,12911.90,1.96,1.33,1.9584135,1.3281195,0.58752405,0.39843585,1,1.03,4000,6,0.3096,0.318888,0.009288,0.35070714,0.03181914
997,חפץ חיים,38.67,vegetables,periodic vegetables,Vegetables & field crops in uncovered area,Open Area,1795,Nahal Sorek,Center,38669.10,6.04,4.1,6.038743807,4.095240053,1.811623142,1.228572016,1,1.1,2000,5,0.386689963,0.425358959,0.038668996,0.746644182,0.321285223
633,חפצי-בה,16.80,citrus,grapefruits,Citrus,Open Area,1755,Hagilbo'a,North,16766.50,2.56,1.74,2.565108,1.739556,0.7695324,0.5218668,1,1.03,4000,4,0.2688,0.276864,0.008064,0.37486512,0.09800112
694,חפצי-בה,9.90,citrus,grapefruits,Citrus,Open Area,1755,Hagilbo'a,North,9921.89,1.51,1.03,1.5115815,1.0250955,0.45347445,0.30752865,1,1.03,4000,4,0.1584,0.163152,0.004752,0.22090266,0.05775066
179,חצב,6.00,vegetables,cucumbers,Vegetables in covered area,Greenhouse,1795,Be'er Tuvya,South,5961.46,0.93,0.63,0.93699,0.63543,0.281097,0.190629,1,1.1,2000,6,0.072,0.0792,0.0072,0.1237716,0.0445716
41,חצב,4.57,vegetables,general vegetables,Vegetables & field crops in uncovered area,Open Area,1795,Be'er Tuvya,South,4574.79,0.71,0.48,0.714424129,0.484494524,0.214327239,0.145348357,1,1.1,2000,5,0.045748031,0.050322834,0.004574803,0.088333044,0.038010209
131,חצב,5.39,vegetables,general vegetables,Vegetables & field crops in uncovered area,Open Area,1795,Be'er Tuvya,South,5393.42,0.84,0.57,0.842264871,0.571191119,0.252679461,0.171357336,1,1.1,2000,5,0.053934292,0.059327721,0.005393429,0.104139567,0.044811846
395,חצב,7.29,vegetables,general vegetables,Vegetables & field crops in uncovered area,Open Area,1795,Bnei Ayish,Center,7286.58,1.14,0.77,1.137912356,0.77168769,0.341373707,0.231506307,1,1.1,2000,5,0.07286603,0.080152633,0.007286603,0.140694102,0.06054147
728,חצב,10.00,vegetables,general vegetables,Vegetables & field crops in uncovered area,Open Area,1795,Be'er Tuvya,South,9966.58,1.56,1.06,1.56165,1.05905,0.468495,0.317715,1,1.1,2000,5,0.1,0.11,0.01,0.193086,0.083086
171,חצב,2.90,others,greenhouse crops,Vegetables in covered area,Greenhouse,1795,Be'er Tuvya,South,2914.47,0.46,0.31,0.4528785,0.3071245,0.13586355,0.09213735,1,1,2000,5,0.029,0.029,0,0.05425494,0.02525494
760,חצב,3.42,non-processed,non-processed,Not cultivated,Open Area,1795,Be'er Tuvya,South,3415.16,0.53,0.36,0.533329489,0.361683217,0.159998847,0.108504965,1,1,0,0,0,0,0,0.043401986,0.043401986
784,חצב,8.30,others,open area crops,Vegetables & field crops in uncovered area,Open Area,1795,Be'er Tuvya,South,8267.25,1.29,0.88,1.2961695,0.8790115,0.38885085,0.26370345,1,1,2000,5,0.083,0.083,0,0.15528138,0.07228138
853,חצור אשדוד,24.10,plantations,deciduous,Plantations,Open Area,1795,Be'er Tuvya,South,24066.60,3.76,2.55,3.7635765,2.5523105,1.12907295,0.76569315,1,1,1000,8,0.1928,0.1928,0,0.42195726,0.22915726
67,חרב לאת,1.76,citrus,orange-like,Citrus,Open Area,1755,Emek Hefer,Center,1756.42,0.27,0.18,0.268173474,0.18186477,0.080452042,0.054559431,1,1.03,4000,4,0.028102142,0.028945207,0.000843064,0.039190896,0.01024569
815,חרות,5.98,field crops,field crops general,Vegetables & field crops in uncovered area,Open Area,1765,Lev Hasharon,Center,5976.28,0.92,0.62,0.917664647,0.622324301,0.275299394,0.18669729,1,1.04,2000,2,0.02390452,0.024860701,0.000956181,0.089595337,0.064734636
618,חרות,5.40,citrus,grapefruits,Citrus,Open Area,1765,Tel Mond,Center,5431.47,0.83,0.57,0.829197,0.562329,0.2487591,0.1686987,1,1.03,4000,4,0.0864,0.088992,0.002592,0.12087468,0.03188268
589,חרות,3.34,plantations,subtropical,Plantations and Citrus in covered area,Net Cover,1755,Lev Hasharon,Center,3344.86,0.51,0.35,0.510698667,0.346335878,0.1532096,0.103900763,1,1,1000,5,0.016723931,0.016723931,0,0.051594664,0.034870733
217,טייבה,4.60,plantations,general plantation,Plantations,Open Area,1745,Taybe,Center,4589.83,0.70,0.47,0.698349,0.473593,0.2095047,0.1420779,1,1,1000,5,0.023,0.023,0,0.07063116,0.04763116
456,טייבה,7.10,plantations,general plantation,Plantations,Open Area,1745,Taybe,Center,7061.66,1.07,0.73,1.0778865,0.7309805,0.32336595,0.21929415,1,1,1000,5,0.0355,0.0355,0,0.10901766,0.07351766
676,טייבה,3.97,plantations,general plantation,Plantations,Open Area,1745,Taybe,Center,3973.35,0.60,0.41,0.603193945,0.40906256,0.180958183,0.122718768,1,1,1000,5,0.019866085,0.019866085,0,0.061007158,0.041141073
990,טייבה,16.70,plantations,general plantation,Plantations,Open Area,1745,Taybe,Center,16661.80,2.53,1.72,2.5353105,1.7193485,0.76059315,0.51580455,1,1,1000,5,0.0835,0.0835,0,0.25642182,0.17292182
117,טל-אל,7.61,plantations,olives,Plantations,Open Area,1725,Misgav,North,7611.18,1.14,0.77,1.142198567,0.774594431,0.34265957,0.232378329,1,1,1000,8,0.060886814,0.060886814,0,0.12948342,0.068596606
145,טל-אל,3.48,plantations,olives,Plantations,Open Area,1725,Julis,North,3476.02,0.52,0.35,0.521641111,0.353756615,0.156492333,0.106126985,1,1,1000,8,0.027806956,0.027806956,0,0.059134967,0.031328012
249,טמרה (מישור עכו),6.20,field crops,field crops general,Vegetables & field crops in uncovered area,Open Area,1755,Tamra,North,6231.57,0.95,0.65,0.946647,0.641979,0.2839941,0.1925937,1,1.04,2000,2,0.0248,0.025792,0.000992,0.09251268,0.06672068
772,טמרה (מישור עכו),11.00,field crops,field crops general,Vegetables & field crops in uncovered area,Open Area,1755,Tamra,North,10979.90,1.68,1.14,1.679535,1.138995,0.5038605,0.3416985,1,1.04,2000,2,0.044,0.04576,0.00176,0.1641354,0.1183754
136,טמרה (מישור עכו),7.31,plantations,olives,Plantations,Open Area,1745,Tamra,North,7312.52,1.11,0.75,1.110103155,0.752828576,0.333030947,0.225848573,1,1,1000,8,0.05849768,0.05849768,0,0.125438037,0.066940357
496,טמרה (מישור עכו),9.00,plantations,olives,Plantations,Open Area,1745,Tamra,North,9015.63,1.37,0.93,1.366335,0.926595,0.4099005,0.2779785,1,1,1000,8,0.072,0.072,0,0.1543914,0.0823914
499,טמרה (מישור עכו),9.70,plantations,olives,Plantations,Open Area,1745,Tamra,North,9745.48,1.48,1,1.4726055,0.9986635,0.44178165,0.29959905,1,1,1000,8,0.0776,0.0776,0,0.16639962,0.08879962
607,טמרה (מישור עכו),10.79,plantations,olives,Plantations,Open Area,1745,Tamra,North,10792.80,1.64,1.11,1.638442009,1.111127339,0.491532603,0.333338202,1,1,1000,8,0.086338873,0.086338873,0,0.185138605,0.098799731
752,טמרה (מישור עכו),6.13,plantations,olives,Plantations,Open Area,1745,Tamra,North,6130.78,0.93,0.63,0.930706254,0.631168609,0.279211876,0.189350583,1,1,1000,8,0.049044232,0.049044232,0,0.105166772,0.05612254
986,טמרה (מישור עכו),3.02,plantations,olives,Plantations,Open Area,1745,Tamra,North,3016.46,0.46,0.31,0.457924315,0.310546375,0.137377295,0.093163912,1,1,1000,8,0.024130649,0.024130649,0,0.051743955,0.027613305
1002,טמרה (מישור עכו),6.31,plantations,olives,Plantations,Open Area,1745,Tamra,North,6312.41,0.96,0.65,0.958277384,0.649866272,0.287483215,0.194959882,1,1,1000,8,0.050497112,0.050497112,0,0.10828222,0.057785108
422,טמרה (מישור עכו),2.70,others,open area crops,Vegetables & field crops in uncovered area,Open Area,1745,Tamra,North,2725.05,0.41,0.28,0.4099005,0.2779785,0.12297015,0.08339355,1,1,2000,5,0.027,0.027,0,0.04955742,0.02255742
162,טרעאן,3.70,plantations,olives,Plantations,Open Area,1755,Tur'an,North,3736.87,0.57,0.39,0.5649345,0.3831165,0.16948035,0.11493495,1,1,1000,8,0.0296,0.0296,0,0.06373398,0.03413398
173,טרעאן,4.10,plantations,olives,Plantations,Open Area,1765,Tur'an,North,4080.47,0.63,0.42,0.6295755,0.4269535,0.18887265,0.12808605,1,1,1000,8,0.0328,0.0328,0,0.07091442,0.03811442
542,טרעאן,3.00,plantations,olives,Plantations,Open Area,1765,Tur'an,North,2989.60,0.46,0.31,0.460665,0.312405,0.1381995,0.0937215,1,1,1000,8,0.024,0.024,0,0.0518886,0.0278886
943,טרעאן,14.90,plantations,olives,Plantations,Open Area,1765,Tur'an,North,14935.50,2.29,1.56,2.2879695,1.5516115,0.68639085,0.46548345,1,1,1000,8,0.1192,0.1192,0,0.25771338,0.13851338
163,יאנוח-ג'ת,10.19,plantations,olives,Plantations,Open Area,1715,Yanuh - Jat,North,10195.30,1.52,1.03,1.521120701,1.031564613,0.45633621,0.309469384,1,1,1000,8,0.081558698,0.081558698,0,0.172722973,0.091164274
718,יאנוח-ג'ת,0.52,plantations,olives,Plantations,Open Area,1715,Yanuh - Jat,North,522.32,0.08,0.05,0.077929591,0.052848803,0.023378877,0.015854641,1,1,1000,8,0.00417839,0.00417839,0,0.008848891,0.0046705
868,יאנוח-ג'ת,1.30,plantations,olives,Plantations,Open Area,1735,Yanuh - Jat,North,1324.25,0.20,0.14,0.1962285,0.1330745,0.05886855,0.03992235,1,1,1000,8,0.0104,0.0104,0,0.02220894,0.01180894
647,יבנאל,28.10,field crops,field crops general,Vegetables & field crops in uncovered area,Open Area,1735,Yavne'el,North,28112.80,4.24,2.88,4.2415545,2.8764565,1.27246635,0.86293695,1,1.04,2000,2,0.1124,0.116896,0.004496,0.41531238,0.29841638
574,יבנאל,8.90,plantations,olives,Plantations,Open Area,1735,Yavne'el,North,8917.92,1.35,0.91,1.3434105,0.9110485,0.40302315,0.27331455,1,1,1000,8,0.0712,0.0712,0,0.15204582,0.08084582
663,יבנאל,149.80,others,open area crops,Vegetables & field crops in uncovered area,Open Area,1725,Yavne'el,North,149768.00,22.48,15.24,22.481235,15.245895,6.7443705,4.5737685,1,1,2000,5,1.498,1.498,0,2.7283074,1.2303074
770,יבנאל,6.60,others,open area crops,Vegetables & field crops in uncovered area,Open Area,1735,Yavne'el,North,6611.32,1.00,0.68,0.996237,0.675609,0.2988711,0.2026827,1,1,2000,5,0.066,0.066,0,0.12067308,0.05467308
31,יגור,41.90,vegetables,F1 hybrid seeds,Vegetables & field crops in uncovered area,Open Area,1705,Zevulun,Haifa,41942.90,6.22,4.22,6.2152365,4.2149305,1.86457095,1.26447915,1,1,500,1000,20.95,20.95,0,13.07579166,-7.87420834
564,יגל,13.09,field crops,field crops general,Vegetables & field crops in uncovered area,Open Area,1775,No Jurisdiction - Ben Gurion Airport Area,Center,13090.50,2.02,1.37,2.021482453,1.370890399,0.606444736,0.41126712,1,1.04,2000,2,0.052361534,0.054455995,0.002094461,0.197180445,0.14272445
215,יד מרדכי,164.50,field crops,field crops general,Vegetables & field crops in uncovered area,Open Area,1815,Hof Ashkelon,South,164471.00,25.97,17.61,25.9753725,17.6154825,7.79261175,5.28464475,1,1.04,2000,2,0.658,0.68432,0.02632,2.5244499,1.8401299
283,יד מרדכי,113.80,field crops,field crops general,Vegetables & field crops in uncovered area,Open Area,1805,Hof Ashkelon,South,113833.00,17.88,12.12,17.870583,12.119131,5.3611749,3.6357393,1,1.04,2000,2,0.4552,0.473408,0.018208,1.73834052,1.26493252
438,יד מרדכי,63.10,field crops,field crops general,Vegetables & field crops in uncovered area,Open Area,1805,Hof Ashkelon,South,63103.70,9.91,6.72,9.9089085,6.7198345,2.97267255,2.01595035,1,1.04,2000,2,0.2524,0.262496,0.010096,0.96387774,0.70138174
225,יד מרדכי,15.80,citrus,grapefruits,Citrus,Open Area,1815,Hof Ashkelon,South,15829.70,2.50,1.7,2.494899,1.691943,0.7484697,0.5075829,1,1.03,4000,4,0.2528,0.260384,0.007584,0.35926356,0.09887956
514,יד נתן,6.70,vegetables,F1 hybrid seeds,Vegetables & field crops in uncovered area,Open Area,1805,Lahish,South,6670.25,1.05,0.71,1.0521345,0.7135165,0.31564035,0.21405495,1,1,500,1000,3.35,3.35,0,2.09562198,-1.25437802
164,יד נתן,21.10,field crops,field crops general,Vegetables & field crops in uncovered area,Open Area,1805,Lahish,South,21058.10,3.31,2.24,3.3134385,2.2470445,0.99403155,0.67411335,1,1.04,2000,2,0.0844,0.087776,0.003376,0.32231094,0.23453494
1016,"יד רמב""ם",6.44,plantations,vineyard,Plantations,Open Area,1775,Gezer,Center,6441.63,0.99,0.67,0.994727459,0.674585288,0.298418238,0.202375587,1,1,1000,20,0.128829847,0.128829847,0,0.158248143,0.029418296
677,יובל,17.20,citrus,peelables,Citrus,Open Area,1745,Kiryat Shemona,North,17207.00,2.61,1.77,2.611218,1.770826,0.7833654,0.5312478,1,1.03,4000,6,0.4128,0.425184,0.012384,0.46760952,0.04242552
65,יודפת,16.40,plantations,olives,Plantations,Open Area,1765,Misgav,North,16381.90,2.52,1.71,2.518302,1.707814,0.7554906,0.5123442,1,1,1000,8,0.1312,0.1312,0,0.28365768,0.15245768
272,יזרעאל,375.40,vegetables,general vegetables,Vegetables & field crops in uncovered area,Open Area,1745,Hagilbo'a,North,375382.00,56.99,38.65,56.991351,38.649307,17.0974053,11.5947921,1,1.1,2000,5,3.754,4.1294,0.3754,7.11555684,2.98615684
782,יטבתה,61.60,vegetables,general vegetables,Vegetables & field crops in uncovered area,Open Area,1925,Hevel Eielot,South,61566.10,10.31,6.99,10.31646,6.99622,3.094938,2.098866,1,1.1,2000,5,0.616,0.6776,0.0616,1.2461064,0.5685064
953,יכיני,15.70,field crops,field crops general,Vegetables & field crops in uncovered area,Open Area,1815,Sha'ar Hanegev,South,15738.10,2.49,1.69,2.4791085,1.6812345,0.74373255,0.50437035,1,1.04,2000,2,0.0628,0.065312,0.002512,0.24093534,0.17562334
362,יכיני,33.10,vegetables,general vegetables,Vegetables & field crops in uncovered area,Open Area,1815,Sha'ar Hanegev,South,33127.60,5.23,3.55,5.2266555,3.5445135,1.56799665,1.06335405,1,1.1,2000,5,0.331,0.3641,0.0331,0.64380162,0.27970162
432,ינון,5.70,field crops,field crops general,Vegetables & field crops in uncovered area,Open Area,1785,Be'er Tuvya,South,5687.77,0.88,0.6,0.8851815,0.6002955,0.26555445,0.18008865,1,1.04,2000,2,0.0228,0.023712,0.000912,0.08626266,0.06255066
439,ינון,9.50,plantations,vineyard,Plantations,Open Area,1785,Be'er Tuvya,South,9550.01,1.48,1.01,1.4753025,1.0004925,0.44259075,0.30014775,1,1,1000,20,0.19,0.19,0,0.2340591,0.0440591
56,יסוד המעלה,9.90,plantations,deciduous,Plantations,Open Area,1735,Yesud Hama'ala,North,9906.01,1.50,1.01,1.4943555,1.0134135,0.44830665,0.30402405,1,1,1000,8,0.0792,0.0792,0,0.16912962,0.08992962
108,יסוד המעלה,3.30,plantations,deciduous,Plantations,Open Area,1735,Yesud Hama'ala,North,3261.00,0.49,0.33,0.4981185,0.3378045,0.14943555,0.10134135,1,1,1000,8,0.0264,0.0264,0,0.05637654,0.02997654
348,יסוד המעלה,7.70,plantations,deciduous,Plantations,Open Area,1735,Yesud Hama'ala,North,7742.27,1.17,0.79,1.1622765,0.7882105,0.34868295,0.23646315,1,1,1000,8,0.0616,0.0616,0,0.13154526,0.06994526
425,יסוד המעלה,13.70,plantations,deciduous,Plantations,Open Area,1725,Yesud Hama'ala,North,13697.00,2.06,1.39,2.0560275,1.3943175,0.61680825,0.41829525,1,1,1000,8,0.1096,0.1096,0,0.2330781,0.1234781
993,יסוד המעלה,4.10,plantations,deciduous,Plantations,Open Area,1735,Yesud Hama'ala,North,4088.87,0.62,0.42,0.6188745,0.4196965,0.18566235,0.12590895,1,1,1000,8,0.0328,0.0328,0,0.07004358,0.03724358
465,יסעור,3.34,plantations,general plantation,Plantations,Open Area,1755,Ma'te Asher,North,3343.03,0.51,0.35,0.510408952,0.346139404,0.153122686,0.103841821,1,1,1000,5,0.016714443,0.016714443,0,0.051565394,0.034850951
605,יסעור,12.40,plantations,general plantation,Plantations,Open Area,1745,Ma'te Asher,North,12396.80,1.88,1.28,1.882506,1.276642,0.5647518,0.3829926,1,1,1000,5,0.062,0.062,0,0.19039704,0.12839704
787,יפתח,17.40,plantations,deciduous,Plantations,Open Area,1765,Hagalil Ha'elyon,North,17383.60,2.67,1.81,2.671857,1.811949,0.8015571,0.5435847,1,1,1000,8,0.1392,0.1392,0,0.30095388,0.16175388
152,יציץ,11.13,vegetables,eggplants,Vegetables in covered area,Greenhouse,1775,Gezer,Center,11129.60,1.72,1.17,1.718662015,1.165529412,0.515598604,0.349658824,1,1.1,2000,8,0.178070858,0.195877944,0.017807086,0.257390296,0.061512352
942,יציץ,6.35,vegetables,general vegetables,Vegetables & field crops in uncovered area,Open Area,1775,Gezer,Center,6345.71,0.98,0.66,0.97992161,0.66454454,0.293976483,0.199363362,1,1.1,2000,5,0.063456151,0.069801766,0.006345615,0.121626404,0.051824638
796,יקנעם (מושב),26.70,plantations,general plantation,Plantations,Open Area,1745,Megido,North,26750.70,4.06,2.75,4.0534605,2.7488985,1.21603815,0.82466955,1,1,1000,5,0.1335,0.1335,0,0.40996782,0.27646782
192,יראון,25.60,plantations,deciduous,Plantations,Open Area,1795,Hagalil Ha'elyon,North,25603.10,4.00,2.71,3.997824,2.711168,1.1993472,0.8133504,1,1,1000,8,0.2048,0.2048,0,0.44822016,0.24342016
644,יראון,14.10,plantations,deciduous,Plantations,Open Area,1805,Hagalil Ha'elyon,North,14101.70,2.21,1.5,2.2141935,1.5015795,0.66425805,0.45047385,1,1,1000,8,0.1128,0.1128,0,0.24786954,0.13506954
945,ירדנה,7.57,others,open area crops,Vegetables & field crops in uncovered area,Open Area,1715,Emek Hama'ayanot,North,7565.20,1.13,0.77,1.128746987,0.765472095,0.338624096,0.229641628,1,1,2000,5,0.075650748,0.075650748,0,0.1372471,0.061596352
186,ירושלים,1.40,plantations,olives,Plantations,Open Area,1845,Yerushalayim (Jerusalem),Jerusalem,1364.54,0.22,0.15,0.224721,0.152397,0.0674163,0.0457191,1,1,1000,8,0.0112,0.0112,0,0.02500764,0.01380764
141,ירכא,1.69,plantations,olives,Plantations,Open Area,1705,Yirka,North,1693.94,0.25,0.17,0.251260617,0.170395131,0.075378185,0.051118539,1,1,1000,8,0.013550982,0.013550982,0,0.028578005,0.015027023
206,ירכא,1.73,plantations,olives,Plantations,Open Area,1705,Yirka,North,1728.89,0.26,0.17,0.256444556,0.173910676,0.076933367,0.052173203,1,1,1000,8,0.013830562,0.013830562,0,0.029167618,0.015337056
420,ירכא,1.86,plantations,olives,Plantations,Open Area,1705,Yirka,North,1864.52,0.28,0.19,0.276562049,0.187553573,0.082968615,0.056266072,1,1,1000,8,0.014915538,0.014915538,0,0.031455752,0.016540213
667,ירכא,1.27,plantations,olives,Plantations,Open Area,1695,Yirka,North,1269.54,0.19,0.13,0.187205232,0.126955272,0.05616157,0.038086582,1,1,1000,8,0.010155914,0.010155914,0,0.021328181,0.011172267
683,ירכא,1.90,plantations,olives,Plantations,Open Area,1695,Yirka,North,1855.16,0.27,0.19,0.2801835,0.1900095,0.08405505,0.05700285,1,1,1000,8,0.0152,0.0152,0,0.03192114,0.01672114
988,ירכא,5.61,plantations,olives,Plantations,Open Area,1715,Yirka,North,5613.75,0.84,0.57,0.837563973,0.568003154,0.251269192,0.170400946,1,1,1000,8,0.044908091,0.044908091,0,0.095105233,0.050197142
375,ירקונה,5.90,citrus,peelables,Citrus,Open Area,1765,Hod Hasharon,Center,5897.07,0.91,0.61,0.9059745,0.6143965,0.27179235,0.18431895,1,1.03,4000,6,0.1416,0.145848,0.004248,0.16123638,0.01538838
82,ישע,1.90,non-processed,non-processed,Not cultivated,Open Area,1825,Eshkol,South,1932.66,0.31,0.21,0.3016725,0.2045825,0.09050175,0.06137475,1,1,0,0,0,0,0,0.0245499,0.0245499
579,ישע,2.90,vegetables,tomatoes,Vegetables in covered area,Net House,1825,Eshkol,South,2863.20,0.45,0.31,0.4604475,0.3122575,0.13813425,0.09367725,1,1.1,2000,6,0.0348,0.03828,0.00348,0.0604389,0.0221589
905,ישעי,2.78,citrus,peelables,Citrus,Open Area,1765,Ma'te Yehuda,Jerusalem,2778.73,0.43,0.29,0.426679149,0.289357124,0.128003745,0.086807137,1,1.03,4000,6,0.066688155,0.068688799,0.002000645,0.075936134,0.007247335
33,יתד,3.50,non-processed,non-processed,Not cultivated,Open Area,1835,Eshkol,South,3467.56,0.55,0.38,0.5587575,0.3789275,0.16762725,0.11367825,1,1,0,0,0,0,0,0.0454713,0.0454713
493,יתד,40.61,vegetables,tomatoes,Vegetables in covered area,Net House,1835,Eshkol,South,40605.40,6.48,4.4,6.483344599,4.396750935,1.94500338,1.31902528,1,1.1,2000,6,0.487332113,0.536065324,0.048733211,0.849249307,0.313183982
734,כאבול,1.69,plantations,olives,Plantations,Open Area,1725,Kabul,North,1687.15,0.25,0.17,0.253188184,0.171702332,0.075956455,0.0515107,1,1,1000,8,0.013496622,0.013496622,0,0.028702253,0.015205631
380,כאוכב אבו אל היג',7.20,others,open area crops,Vegetables & field crops in uncovered area,Open Area,1755,Kawkab Abu al Hija,North,7185.31,1.10,0.74,1.099332,0.745524,0.3297996,0.2236572,1,1,2000,5,0.072,0.072,0,0.13266288,0.06066288
242,כליל,0.70,plantations,olives,Plantations,Open Area,1695,Ma'te Asher,North,714.74,0.11,0.07,0.1032255,0.0700035,0.03096765,0.02100105,1,1,1000,8,0.0056,0.0056,0,0.01176042,0.00616042
85,כלנית,1.50,plantations,general plantation,Plantations,Open Area,1755,Merom Hagalil,North,1521.36,0.23,0.16,0.2290275,0.1553175,0.06870825,0.04659525,1,1,1000,5,0.0075,0.0075,0,0.0231381,0.0156381
970,כמאנה,5.10,plantations,general plantation,Plantations,Open Area,1775,Misgav,North,5100.47,0.79,0.53,0.7875675,0.5340975,0.23627025,0.16022925,1,1,1000,5,0.0255,0.0255,0,0.0793917,0.0538917
964,כמהין,10.60,vegetables,tomatoes,Vegetables in covered area,Net House,1885,Ramat Negev,South,10620.60,1.74,1.18,1.738347,1.178879,0.5215041,0.3536637,1,1.1,2000,6,0.1272,0.13992,0.01272,0.22541748,0.08549748
370,כנרת_מושבה,4.20,flowers,flowers nursery,Flowers,Greenhouse,1735,Emek Hayarden,North,4165.97,0.63,0.43,0.633969,0.429933,0.1901907,0.1289799,1,1.05,500,20,0.042,0.0441,0.0021,0.07805196,0.03395196
944,כנרת_מושבה,3.50,others,open area crops,Vegetables & field crops in uncovered area,Open Area,1685,Emek Hayarden,North,3495.30,0.51,0.35,0.5130825,0.3479525,0.15392475,0.10438575,1,1,2000,5,0.035,0.035,0,0.0627543,0.0277543
795,כסופים,9.70,plantations,subtropical,Plantations,Open Area,1825,Eshkol,South,9714.17,1.54,1.05,1.5401175,1.0444475,0.46203525,0.31333425,1,1,1000,5,0.0485,0.0485,0,0.1544337,0.1059337
188,כסרא-סמיע,1.25,plantations,olives,Plantations,Open Area,1735,Kisrah - Smi'a,North,1247.59,0.19,0.13,0.188310451,0.127704788,0.056493135,0.038311436,1,1,1000,8,0.009980348,0.009980348,0,0.021312783,0.011332435
216,כסרא-סמיע,13.66,plantations,olives,Plantations,Open Area,1765,Kisrah - Smi'a,North,13657.00,2.10,1.42,2.097009941,1.42211019,0.629102982,0.426633057,1,1,1000,8,0.109251275,0.109251275,0,0.236203988,0.126952713
291,כסרא-סמיע,13.90,plantations,olives,Plantations,Open Area,1755,Kisrah - Smi'a,North,13904.60,2.12,1.44,2.122940259,1.439695118,0.636882078,0.431908535,1,1,1000,8,0.11123242,0.11123242,0,0.239502866,0.128270446
521,כסרא-סמיע,0.70,plantations,olives,Plantations,Open Area,1735,Kisrah - Smi'a,North,700.38,0.11,0.07,0.105714935,0.071691737,0.03171448,0.021507521,1,1,1000,8,0.005602832,0.005602832,0,0.011964708,0.006361876
627,כסרא-סמיע,15.78,plantations,olives,Plantations,Open Area,1765,Kisrah - Smi'a,North,15782.70,2.42,1.64,2.42340682,1.643459798,0.727022046,0.493037939,1,1,1000,8,0.126256094,0.126256094,0,0.272968832,0.146712738
765,כסרא-סמיע,8.65,plantations,olives,Plantations,Open Area,1735,Kisrah - Smi'a,North,8647.33,1.31,0.89,1.305217798,0.885147702,0.39156534,0.265544311,1,1,1000,8,0.069175808,0.069175808,0,0.147723209,0.078547401
816,כסרא-סמיע,14.98,plantations,olives,Plantations,Open Area,1765,Kisrah - Smi'a,North,14979.20,2.30,1.56,2.300039319,1.55979678,0.690011796,0.467939034,1,1,1000,8,0.119828821,0.119828821,0,0.259072906,0.139244085
673,כפר olives,9.90,field crops,field crops general,Vegetables & field crops in uncovered area,Open Area,1745,Hagalil Hatahton,North,9938.73,1.51,1.02,1.5029685,1.0192545,0.45089055,0.30577635,1,1.04,2000,2,0.0396,0.041184,0.001584,0.14702094,0.10583694
99,כפר olives,24.60,non-processed,non-processed,Not cultivated,Open Area,1745,Hagalil Hatahton,North,24582.30,3.73,2.53,3.734649,2.532693,1.1203947,0.7598079,1,1,0,0,0,0,0,0.30392316,0.30392316
767,כפר אביב,4.06,plantations,subtropical,Plantations,Open Area,1795,Gderot,Center,4064.08,0.63,0.43,0.634672639,0.430410181,0.190401792,0.129123054,1,1,1000,5,0.020320579,0.020320579,0,0.063841569,0.04352099
600,כפר אוריה,6.60,non-processed,non-processed,Not cultivated,Open Area,1765,Ma'te Yehuda,Jerusalem,6598.56,1.01,0.69,1.013463,0.687291,0.3040389,0.2061873,1,1,0,0,0,0,0,0.08247492,0.08247492
766,"כפר אז""ר",3.30,plantations,olives,Plantations,Open Area,1775,Ramat Gan,Tel Aviv,3274.22,0.51,0.34,0.5096025,0.3455925,0.15288075,0.10367775,1,1,1000,8,0.0264,0.0264,0,0.0573111,0.0309111
989,כפר אחים,7.50,plantations,deciduous,Plantations,Open Area,1795,Be'er Tuvya,South,7451.89,1.16,0.79,1.1712375,0.7942875,0.35137125,0.23828625,1,1,1000,8,0.06,0.06,0,0.1313145,0.0713145
92,כפר ביאליק,2.90,field crops,field crops general,Vegetables & field crops in uncovered area,Open Area,1755,Zevulun,Haifa,2929.56,0.45,0.3,0.4427865,0.3002805,0.13283595,0.09008415,1,1.04,2000,2,0.0116,0.012064,0.000464,0.04327206,0.03120806
60,כפר ביאליק,2.36,flowers,flowers nursery,Flowers,Greenhouse,1755,Zevulun,Haifa,2359.01,0.36,0.24,0.360172192,0.244254705,0.108051658,0.073276411,1,1.05,500,20,0.023589232,0.024768694,0.001179462,0.044171781,0.019403087
185,כפר ביאליק,14.90,vegetables,general vegetables,Vegetables & field crops in uncovered area,Open Area,1755,Kiryat Ata,Haifa,14925.30,2.28,1.55,2.2750065,1.5428205,0.68250195,0.46284615,1,1.1,2000,5,0.149,0.1639,0.0149,0.28347846,0.11957846
495,כפר ביאליק,6.70,plantations,olives,Plantations,Open Area,1755,Kiryat Ata,Haifa,6672.47,1.02,0.69,1.0229895,0.6937515,0.30689685,0.20812545,1,1,1000,8,0.0536,0.0536,0,0.11541018,0.06181018
26,"כפר ביל""ו",0.85,citrus,peelables,Citrus,Open Area,1785,Gezer,Center,853.72,0.13,0.09,0.132577165,0.089908652,0.039773149,0.026972596,1,1.03,4000,6,0.020489082,0.021103754,0.000614672,0.023451291,0.002347537
844,כפר בלום,6.85,plantations,deciduous,Plantations,Open Area,1735,Hagalil Ha'elyon,North,6845.27,1.03,0.7,1.033248945,0.700709055,0.309974683,0.210212716,1,1,1000,8,0.054761612,0.054761612,0,0.116942054,0.062180442
95,כפר בן-נון,18.15,field crops,field crops general,Vegetables & field crops in uncovered area,Open Area,1765,Gezer,Center,18148.70,2.79,1.89,2.786749933,1.889864897,0.83602498,0.566959469,1,1.04,2000,2,0.07259288,0.075496595,0.002903715,0.272081745,0.196585149
709,כפר בן-נון,20.35,field crops,field crops general,Vegetables & field crops in uncovered area,Open Area,1765,Gezer,Center,20350.70,3.12,2.12,3.124870147,2.119164812,0.937461044,0.635749444,1,1.04,2000,2,0.081400675,0.084656702,0.003256027,0.305093798,0.220437097
700,כפר גליקסון,4.70,non-processed,non-processed,Not cultivated,Open Area,1735,Menashe,Haifa,4679.35,0.71,0.48,0.7094415,0.4811155,0.21283245,0.14433465,1,1,0,0,0,0,0,0.05773386,0.05773386
516,כפר גלעדי,6.40,others,open area crops,Vegetables & field crops in uncovered area,Open Area,1705,Hagalil Ha'elyon,North,6410.90,0.95,0.64,0.949344,0.643808,0.2848032,0.1931424,1,1,2000,5,0.064,0.064,0,0.11565696,0.05165696
401,כפר גלעדי,43.10,plantations,subtropical,Plantations,Open Area,1755,Hagalil Ha'elyon,North,43097.40,6.58,4.46,6.5807235,4.4627895,1.97421705,1.33883685,1,1,1000,5,0.2155,0.2155,0,0.66483474,0.44933474
68,כפר הנשיא,22.30,plantations,subtropical,Plantations,Open Area,1755,Hagalil Ha'elyon,North,22282.00,3.40,2.31,3.4048755,2.3090535,1.02146265,0.69271605,1,1,1000,5,0.1115,0.1115,0,0.34398642,0.23248642
12,כפר הס,3.61,flowers,flowers general,Flowers,Open Area,1755,Lev Hasharon,Center,3607.48,0.55,0.37,0.550792623,0.373526032,0.165237787,0.112057809,1,1.05,500,20,0.036073787,0.037877477,0.001803689,0.06754961,0.029672133
17,"כפר הרא""ה",6.93,field crops,field crops for silage,Vegetables & field crops in uncovered area,Open Area,1755,Emek Hefer,Center,6935.09,1.06,0.72,1.058859706,0.718077272,0.317657912,0.215423182,1,1.04,2000,4,0.055479436,0.057698613,0.002219177,0.120788441,0.063089827
87,"כפר הרא""ה",45.66,others,open area crops,Vegetables & field crops in uncovered area,Open Area,1755,Emek Hefer,Center,45660.00,6.97,4.73,6.971421986,4.727745944,2.091426596,1.418323783,1,1,2000,5,0.456588531,0.456588531,0,0.841282632,0.384694101
832,"כפר הרא""ה",2.70,citrus,orange-like,Citrus,Open Area,1755,Emek Hefer,Center,2746.96,0.42,0.28,0.4122495,0.2795715,0.12367485,0.08387145,1,1.03,4000,4,0.0432,0.044496,0.001296,0.06024618,0.01575018
983,"כפר הרא""ה",10.41,citrus,peelables,Citrus,Open Area,1745,Emek Hefer,Center,10408.10,1.58,1.07,1.580052677,1.071529976,0.474015803,0.321458993,1,1.03,4000,6,0.249786018,0.257279598,0.007493581,0.282951356,0.025671758
196,כפר ורבורג,9.30,plantations,deciduous,Plantations,Open Area,1795,Be'er Tuvya,South,9251.18,1.44,0.98,1.4523345,0.9849165,0.43570035,0.29547495,1,1,1000,8,0.0744,0.0744,0,0.16282998,0.08842998
40,כפר ורבורג,3.42,flowers,flowers nursery,Flowers,Open Area,1795,Be'er Tuvya,South,3423.75,0.53,0.36,0.534675866,0.362596277,0.16040276,0.108778883,1,1.05,500,20,0.034237881,0.035949775,0.001711894,0.065081418,0.029131643
176,כפר ורבורג,1.90,vegetables,general vegetables,Vegetables & field crops in uncovered area,Open Area,1795,Be'er Tuvya,South,1901.23,0.30,0.2,0.296908951,0.201352048,0.089072685,0.060405614,1,1.1,2000,5,0.019012516,0.020913767,0.001901252,0.036710506,0.015796739
715,כפר ורבורג,22.90,citrus,orange-like,Citrus,Open Area,1795,Be'er Tuvya,South,22896.40,3.58,2.42,3.5761785,2.4252245,1.07285355,0.72756735,1,1.03,4000,4,0.3664,0.377392,0.010992,0.51746214,0.14007014
791,כפר ורבורג,5.50,plantations,vineyard,Plantations,Open Area,1805,Be'er Tuvya,South,5453.53,0.86,0.58,0.8636925,0.5857225,0.25910775,0.17571675,1,1,1000,20,0.11,0.11,0,0.1362867,0.0262867
577,כפר חיים,1.48,vegetables,general vegetables,Vegetables & field crops in uncovered area,Open Area,1765,Emek Hefer,Center,1481.11,0.23,0.15,0.227426446,0.154231727,0.068227934,0.046269518,1,1.1,2000,5,0.014810748,0.016291823,0.001481075,0.028282901,0.011991078
355,כפר חיים,7.22,citrus,peelables,Citrus,Open Area,1745,Emek Hefer,Center,7224.87,1.10,0.74,1.096814102,0.74381646,0.329044231,0.223144938,1,1.03,4000,6,0.173392211,0.178593977,0.005201766,0.196414361,0.017820384
398,כפר חסידים א',10.10,flowers,greens,Flowers,Open Area,1745,Zevulun,Haifa,10099.20,1.53,1.04,1.5333315,1.0398455,0.45999945,0.31195365,1,1.05,500,20,0.101,0.10605,0.00505,0.18841146,0.08236146
864,כפר טרומן,1.36,flowers,flowers nursery,Flowers,Greenhouse,1765,Hevel Modi'in,Center,1355.04,0.21,0.14,0.208067324,0.141103128,0.062420197,0.042330938,1,1.05,500,20,0.01355002,0.01422752,0.000677501,0.025468888,0.011241367
610,כפר יהושע,102.90,field crops,field crops for silage,Vegetables & field crops in uncovered area,Open Area,1745,Emek Yizrael,North,102917.00,15.62,10.6,15.6217635,10.5940695,4.68652905,3.17822085,1,1.04,2000,4,0.8232,0.856128,0.032928,1.78496514,0.92883714
453,כפר יהושע,15.80,field crops,field crops general,Vegetables & field crops in uncovered area,Open Area,1745,Emek Yizrael,North,15788.70,2.40,1.63,2.398677,1.626689,0.7196031,0.4880067,1,1.04,2000,2,0.0632,0.065728,0.002528,0.23463948,0.16891148
687,כפר יהושע,11.30,field crops,field crops general,Vegetables & field crops in uncovered area,Open Area,1755,Emek Yizrael,North,11321.50,1.73,1.17,1.7253405,1.1700585,0.51760215,0.35101755,1,1.04,2000,2,0.0452,0.047008,0.001808,0.16861182,0.12160382
893,כפר יהושע,10.30,field crops,field crops general,Vegetables & field crops in uncovered area,Open Area,1745,Emek Yizrael,North,10340.40,1.57,1.06,1.5636945,1.0604365,0.46910835,0.31813095,1,1.04,2000,2,0.0412,0.042848,0.001648,0.15296118,0.11011318
43,כפר יעבץ,5.68,field crops,field crops general,Vegetables & field crops in uncovered area,Open Area,1745,Lev Hasharon,Center,5683.89,0.86,0.59,0.862873033,0.58516677,0.25886191,0.175550031,1,1.04,2000,2,0.022734856,0.02364425,0.000909394,0.084406562,0.060762312
506,כפר כמא,22.80,others,open area crops,Vegetables & field crops in uncovered area,Open Area,1755,Kefar Kama,North,22792.00,3.48,2.36,3.481218,2.360826,1.0443654,0.7082478,1,1,2000,5,0.228,0.228,0,0.42009912,0.19209912
580,כפר כמא,6.00,others,open area crops,Vegetables & field crops in uncovered area,Open Area,1755,Kefar Kama,North,5981.03,0.91,0.62,0.91611,0.62127,0.274833,0.186381,1,1,2000,5,0.06,0.06,0,0.1105524,0.0505524
834,כפר כמא,5.30,others,open area crops,Vegetables & field crops in uncovered area,Open Area,1755,Kefar Kama,North,5274.03,0.81,0.55,0.8092305,0.5487885,0.24276915,0.16463655,1,1,2000,5,0.053,0.053,0,0.09765462,0.04465462
887,כפר כנא,5.60,plantations,general plantation,Plantations,Open Area,1755,Kefar Kana,North,5555.34,0.85,0.58,0.855036,0.579852,0.2565108,0.1739556,1,1,1000,5,0.028,0.028,0,0.08638224,0.05838224
19,כפר כנא,2.10,plantations,olives,Plantations,Open Area,1755,Kefar Kana,North,2129.32,0.33,0.22,0.3206385,0.2174445,0.09619155,0.06523335,1,1,1000,8,0.0168,0.0168,0,0.03617334,0.01937334
116,כפר כנא,1.20,plantations,olives,Plantations,Open Area,1765,Kefar Kana,North,1165.50,0.18,0.12,0.184266,0.124962,0.0552798,0.0374886,1,1,1000,8,0.0096,0.0096,0,0.02075544,0.01115544
653,כפר כנא,2.10,plantations,olives,Plantations,Open Area,1755,Kefar Kana,North,2065.84,0.32,0.21,0.3206385,0.2174445,0.09619155,0.06523335,1,1,1000,8,0.0168,0.0168,0,0.03617334,0.01937334
808,כפר כנא,7.20,others,open area crops,Vegetables & field crops in uncovered area,Open Area,1755,Kefar Kana,North,7180.25,1.10,0.74,1.099332,0.745524,0.3297996,0.2236572,1,1,2000,5,0.072,0.072,0,0.13266288,0.06066288
584,כפר מונש,3.00,citrus,orange-like,Citrus,Open Area,1765,Emek Hefer,Center,3038.16,0.47,0.32,0.460665,0.312405,0.1381995,0.0937215,1,1.03,4000,4,0.048,0.04944,0.00144,0.0671526,0.0177126
76,כפר מונש,5.71,citrus,peelables,Citrus,Open Area,1745,Emek Hefer,Center,5707.40,0.87,0.59,0.866444486,0.587588789,0.259933346,0.176276637,1,1.03,4000,6,0.136973736,0.141082948,0.004109212,0.155160423,0.014077476
578,כפר מימון,18.30,citrus,lemon-like,Citrus,Open Area,1815,Sdot Negev,South,18288.50,2.89,1.96,2.8896615,1.9596555,0.86689845,0.58789665,1,1.03,4000,4,0.2928,0.301584,0.008784,0.41610906,0.11452506
850,כפר מצר,1.70,plantations,general plantation,Plantations,Open Area,1745,Bustan al Marj,North,1703.74,0.26,0.18,0.258645113,0.175403008,0.077593534,0.052620902,1,1,1000,5,0.008518431,0.008518431,0,0.026159419,0.017640989
180,כפר מצר,64.10,plantations,olives,Plantations,Open Area,1745,Bustan al Marj,North,64113.60,9.73,6.6,9.7313415,6.5994155,2.91940245,1.97982465,1,1,1000,8,0.5128,0.5128,0,1.09960986,0.58680986
360,כפר מצר,32.20,plantations,olives,Plantations,Open Area,1745,Bustan al Marj,North,32234.80,4.89,3.32,4.888443,3.315151,1.4665329,0.9945453,1,1,1000,8,0.2576,0.2576,0,0.55237812,0.29477812
103,כפר מרדכי,7.29,citrus,peelables,Citrus,Open Area,1785,Gderot,Center,7292.11,1.13,0.77,1.132429112,0.767969168,0.339728734,0.23039075,1,1.03,4000,6,0.175010778,0.180261101,0.005250323,0.200312961,0.02005186
313,כפר נטר,3.40,plantations,subtropical,Plantations,Open Area,1765,Even Yehuda,Center,3400.98,0.52,0.35,0.522228509,0.354154966,0.156668553,0.10624649,1,1,1000,5,0.017004608,0.017004608,0,0.052701361,0.035696753
877,כפר עזה,137.30,field crops,field crops general,Vegetables & field crops in uncovered area,Open Area,1815,Sha'ar Hanegev,South,137254.00,21.67,14.7,21.6803565,14.7027705,6.50410695,4.41083115,1,1.04,2000,2,0.5492,0.571168,0.021968,2.10703326,1.53586526
197,כפר קאסם,4.94,plantations,olives,Plantations,Open Area,1755,Kefar Kasem,Center,4938.86,0.75,0.51,0.754067231,0.511378927,0.226220169,0.153413678,1,1,1000,8,0.039509695,0.039509695,0,0.085071288,0.045561593
657,כפר קיש,21.90,plantations,deciduous,Plantations,Open Area,1765,Hagalil Hatahton,North,21940.50,3.37,2.28,3.3628545,2.2805565,1.00885635,0.68416695,1,1,1000,8,0.1752,0.1752,0,0.37878678,0.20358678
976,כפר קיש,118.60,field crops,field crops general,Vegetables & field crops in uncovered area,Open Area,1755,Yavne'el,North,118578.00,18.11,12.28,18.108441,12.280437,5.4325323,3.6841311,1,1.04,2000,2,0.4744,0.493376,0.018976,1.76967804,1.27630204
364,כפר ראש הנקרה,9.20,citrus,grapefruits,Citrus,Open Area,1725,Ma'te Asher,North,9241.00,1.39,0.94,1.38069,0.93633,0.414207,0.280899,1,1.03,4000,4,0.1472,0.151616,0.004416,0.2033292,0.0517132
502,כפר רות,1.03,others,greenhouse crops,Vegetables in covered area,Greenhouse,1765,Hevel Modi'in,Center,1025.77,0.16,0.11,0.157507232,0.10681525,0.04725217,0.032044575,1,1,2000,5,0.010257382,0.010257382,0,0.018972259,0.008714877
774,כפר רות,1.19,others,greenhouse crops,Vegetables in covered area,Greenhouse,1765,Hevel Modi'in,Center,1194.56,0.18,0.12,0.18342356,0.12439069,0.055027068,0.037317207,1,1,2000,5,0.011945138,0.011945138,0,0.022093965,0.010148828
904,כפר שמאי,0.41,flowers,greens,Flowers,Open Area,1785,Merom Hagalil,North,406.80,0.06,0.04,0.063172464,0.042841096,0.018951739,0.012852329,1,1.05,500,20,0.004067901,0.004271296,0.000203395,0.007703709,0.003432413
262,כפר שמאי,0.48,vegetables,periodic vegetables,Vegetables & field crops in uncovered area,Open Area,1785,Merom Hagalil,North,482.57,0.07,0.05,0.074937728,0.050819839,0.022481318,0.015245952,1,1.1,2000,5,0.004825508,0.005308059,0.000482551,0.009283216,0.003975157
135,כפר שמואל,11.00,vegetables,general vegetables,Vegetables & field crops in uncovered area,Open Area,1765,Gezer,Center,10997.60,1.69,1.15,1.688694521,1.145206629,0.506608356,0.343561989,1,1.1,2000,5,0.109973268,0.120970595,0.010997327,0.210007153,0.089036557
298,כפר תבור,23.01,field crops,field crops general,Vegetables & field crops in uncovered area,Open Area,1755,Kefar Tavor,North,23013.30,3.51,2.38,3.513670511,2.382834025,1.054101153,0.714850207,1,1.04,2000,2,0.092050182,0.095732189,0.003682007,0.343379397,0.247647207
813,כפר תבור,93.60,field crops,field crops general,Vegetables & field crops in uncovered area,Open Area,1755,Kefar Tavor,North,93602.20,14.29,9.69,14.291316,9.691812,4.2873948,2.9075436,1,1.04,2000,2,0.3744,0.389376,0.014976,1.39664304,1.00726704
193,כפר תבור,14.60,plantations,olives,Plantations,Open Area,1755,Kefar Tavor,North,14584.20,2.23,1.51,2.229201,1.511757,0.6687603,0.4535271,1,1,1000,8,0.1168,0.1168,0,0.25149084,0.13469084
318,כפר תבור,6.01,plantations,vineyard,Plantations,Open Area,1745,Kefar Tavor,North,6007.34,0.91,0.62,0.911974263,0.618465305,0.273592279,0.185539591,1,1,1000,20,0.12014284,0.12014284,0,0.146301541,0.026158701
7,כרמיאל,7.00,plantations,general plantation,Plantations,Open Area,1755,Karmiel,North,7021.72,1.07,0.73,1.068795,0.724815,0.3206385,0.2174445,1,1,1000,5,0.035,0.035,0,0.1079778,0.0729778
50,כרמיאל,51.60,plantations,olives,Plantations,Open Area,1755,Karmiel,North,51627.10,7.88,5.35,7.878546,5.342922,2.3635638,1.6028766,1,1,1000,8,0.4128,0.4128,0,0.88883064,0.47603064
769,כרמיאל,13.50,others,open area crops,Vegetables & field crops in uncovered area,Open Area,1755,Karmiel,North,13483.60,2.06,1.4,2.0612475,1.3978575,0.61837425,0.41935725,1,1,2000,5,0.135,0.135,0,0.2487429,0.1137429
96,כרמיה,14.64,vegetables,general vegetables,Vegetables & field crops in uncovered area,Open Area,1815,Hof Ashkelon,South,14640.70,2.31,1.57,2.311960044,1.56788095,0.693588013,0.470364285,1,1.1,2000,5,0.146414619,0.161056081,0.014641462,0.284779363,0.123723282
788,לימן,2.90,non-processed,non-processed,Not cultivated,Open Area,1725,Ma'te Asher,North,2889.38,0.43,0.29,0.4352175,0.2951475,0.13056525,0.08854425,1,1,0,0,0,0,0,0.0354177,0.0354177
586,לימן,4.90,plantations,subtropical,Plantations,Open Area,1725,Ma'te Asher,North,4891.30,0.73,0.5,0.7353675,0.4986975,0.22061025,0.14960925,1,1,1000,5,0.0245,0.0245,0,0.0745437,0.0500437
39,לכיש,9.50,plantations,vineyard,Plantations and Citrus in covered area,Net Cover,1785,Lahish,South,9544.68,1.48,1.01,1.4753025,1.0004925,0.44259075,0.30014775,1,1,1000,20,0.19,0.19,0,0.2340591,0.0440591
111,לכיש,5.70,plantations,vineyard,Plantations and Citrus in covered area,Net Cover,1785,Lahish,South,5722.76,0.89,0.6,0.8851815,0.6002955,0.26555445,0.18008865,1,1,1000,20,0.114,0.114,0,0.14043546,0.02643546
246,לכיש,12.50,plantations,vineyard,Plantations and Citrus in covered area,Net Cover,1775,Lahish,South,12547.90,1.94,1.31,1.9303125,1.3090625,0.57909375,0.39271875,1,1,1000,20,0.25,0.25,0,0.3070875,0.0570875
282,לכיש,7.30,plantations,vineyard,Plantations and Citrus in covered area,Net Cover,1785,Lahish,South,7322.67,1.14,0.77,1.1336535,0.7687995,0.34009605,0.23063985,1,1,1000,20,0.146,0.146,0,0.17985594,0.03385594
436,לכיש,6.60,plantations,vineyard,Plantations and Citrus in covered area,Net Cover,1785,Lahish,South,6606.40,1.03,0.7,1.024947,0.695079,0.3074841,0.2085237,1,1,1000,20,0.132,0.132,0,0.16260948,0.03060948
632,לכיש,8.00,plantations,vineyard,Plantations and Citrus in covered area,Net Cover,1785,Lahish,South,7988.07,1.24,0.84,1.24236,0.84252,0.372708,0.252756,1,1,1000,20,0.16,0.16,0,0.1971024,0.0371024
839,לכיש,11.50,plantations,vineyard,Plantations and Citrus in covered area,Net Cover,1785,Lahish,South,11492.90,1.78,1.21,1.7858925,1.2111225,0.53576775,0.36333675,1,1,1000,20,0.23,0.23,0,0.2833347,0.0533347
1015,לכיש,2.50,plantations,vineyard,Plantations and Citrus in covered area,Net Cover,1785,Lahish,South,2468.74,0.38,0.26,0.3882375,0.2632875,0.11647125,0.07898625,1,1,1000,20,0.05,0.05,0,0.0615945,0.0115945
764,ללא שייכות - בקעת,0.30,others,greenhouse crops,Vegetables in covered area,Greenhouse,1755,Jordan valley,Other,348.16,0.05,0.04,0.0458055,0.0310635,0.01374165,0.00931905,1,1,2000,5,0.003,0.003,0,0.00552762,0.00252762
934,ללא שייכות - בקעת,0.90,others,greenhouse crops,Vegetables in covered area,Greenhouse,1735,Jordan valley,Other,938.34,0.14,0.1,0.1358505,0.0921285,0.04075515,0.02763855,1,1,2000,5,0.009,0.009,0,0.01645542,0.00745542
3,ללא שייכות - בקעת,5.30,others,open area crops,Vegetables & field crops in uncovered area,Open Area,1765,Jordan valley,Other,5349.63,0.82,0.56,0.8138415,0.5519155,0.24415245,0.16557465,1,1,2000,5,0.053,0.053,0,0.09802986,0.04502986
66,ללא שייכות - בקעת,12.10,others,open area crops,Vegetables & field crops in uncovered area,Open Area,1735,Jordan valley,Other,12094.90,1.83,1.24,1.8264345,1.2386165,0.54793035,0.37158495,1,1,2000,5,0.121,0.121,0,0.22123398,0.10023398
426,ללא שייכות - בקעת,6.60,others,open area crops,Vegetables & field crops in uncovered area,Open Area,1765,Jordan valley,Other,6626.81,1.02,0.69,1.013463,0.687291,0.3040389,0.2061873,1,1,2000,5,0.066,0.066,0,0.12207492,0.05607492
9,ללא שייכות - שומר,1.40,others,greenhouse crops,Vegetables in covered area,Greenhouse,1755,Samaria,Other,1362.13,0.21,0.14,0.213759,0.144963,0.0641277,0.0434889,1,1,2000,5,0.014,0.014,0,0.02579556,0.01179556
463,ללא שייכות - שומר,0.70,others,greenhouse crops,Vegetables in covered area,Greenhouse,1755,Samaria,Other,711.32,0.11,0.07,0.1068795,0.0724815,0.03206385,0.02174445,1,1,2000,5,0.007,0.007,0,0.01289778,0.00589778
469,ללא שייכות - שומר,1.50,others,greenhouse crops,Vegetables in covered area,Greenhouse,1735,Samaria,Other,1499.03,0.23,0.15,0.2264175,0.1535475,0.06792525,0.04606425,1,1,2000,5,0.015,0.015,0,0.0274257,0.0124257
484,ללא שייכות - שומר,42.00,plantations,olives,Plantations,Open Area,1745,Samaria,Other,41963.20,6.37,4.32,6.37623,4.32411,1.912869,1.297233,1,1,1000,8,0.336,0.336,0,0.7204932,0.3844932
648,ללא שייכות - שומר,178.19,plantations,olives,Plantations,Open Area,1745,Samaria,Other,178194.00,27.05,18.35,27.0514988,18.3452693,8.115449641,5.503580791,1,1,1000,8,1.425498076,1.425498076,0,3.056731162,1.631233086
146,מאור,13.00,field crops,field crops general,Vegetables & field crops in uncovered area,Open Area,1735,Menashe,Haifa,12983.60,1.96,1.33,1.962285,1.330745,0.5886855,0.3992235,1,1.04,2000,2,0.052,0.05408,0.00208,0.1921374,0.1380574
995,מבקיעים,26.00,field crops,field crops general,Vegetables & field crops in uncovered area,Open Area,1805,Hof Ashkelon,South,25961.60,4.08,2.76,4.08291,2.76887,1.224873,0.830661,1,1.04,2000,2,0.104,0.10816,0.00416,0.3971604,0.2890004
485,מג'ד אל-כרום,0.64,plantations,olives,Plantations,Open Area,1735,Majd al Kerum,North,641.23,0.10,0.07,0.096786145,0.065636581,0.029035844,0.019690974,1,1,1000,8,0.005129611,0.005129611,0,0.010954156,0.005824545
854,מג'ד אל-כרום,3.38,plantations,olives,Plantations,Open Area,1725,Majd al Kerum,North,3384.36,0.51,0.34,0.507886189,0.344428565,0.152365857,0.10332857,1,1,1000,8,0.027073727,0.027073727,0,0.057575664,0.030501937
885,מג'ד אל-כרום,7.54,plantations,olives,Plantations,Open Area,1735,Karmiel,North,7538.45,1.14,0.77,1.137843419,0.77164094,0.341353026,0.231492282,1,1,1000,8,0.06030506,0.06030506,0,0.128779949,0.068474889
28,מגאר,12.76,plantations,olives,Plantations,Open Area,1765,Mughar,North,12759.00,1.96,1.33,1.959141122,1.328612944,0.587742336,0.398583883,1,1,1000,8,0.102068503,0.102068503,0,0.220674655,0.118606152
29,מגאר,2.10,plantations,olives,Plantations,Open Area,1755,Mughar,North,2099.61,0.32,0.22,0.32056801,0.217396696,0.096170403,0.065219009,1,1,1000,8,0.016796307,0.016796307,0,0.036165388,0.019369081
44,מגאר,6.80,plantations,olives,Plantations,Open Area,1755,Mughar,North,6798.55,1.04,0.7,1.037997451,0.703929306,0.311399235,0.211178792,1,1,1000,8,0.054386348,0.054386348,0,0.117103326,0.062716977
177,מגאר,24.79,plantations,olives,Plantations,Open Area,1755,Mughar,North,24787.70,3.78,2.57,3.784578621,2.566553318,1.135373586,0.769965995,1,1,1000,8,0.198294718,0.198294718,0,0.426963229,0.228668511
189,מגאר,44.40,plantations,olives,Plantations,Open Area,1755,Mughar,North,44406.40,6.78,4.6,6.779966103,4.597908047,2.033989831,1.379372414,1,1,1000,8,0.355239407,0.355239407,0,0.76489261,0.409653203
304,מגאר,11.10,plantations,olives,Plantations,Open Area,1755,Mughar,North,11088.50,1.69,1.15,1.6948035,1.1493495,0.50844105,0.34480485,1,1,1000,8,0.0888,0.0888,0,0.19120194,0.10240194
405,מגאר,1.72,plantations,olives,Plantations,Open Area,1765,Mughar,North,1716.64,0.26,0.18,0.263590871,0.178757028,0.079077261,0.053627108,1,1,1000,8,0.013732714,0.013732714,0,0.029690472,0.015957758
649,מגאר,25.03,plantations,olives,Plantations,Open Area,1765,Mughar,North,25032.40,3.84,2.61,3.843722437,2.606662342,1.153116731,0.781998703,1,1,1000,8,0.200252545,0.200252545,0,0.432951008,0.232698463
652,מגאר,5.70,plantations,olives,Plantations,Open Area,1755,Mughar,North,5704.48,0.87,0.59,0.870980928,0.590665227,0.261294278,0.177199568,1,1,1000,8,0.045635442,0.045635442,0,0.098261092,0.052625651
712,מגאר,4.80,plantations,olives,Plantations,Open Area,1765,Mughar,North,4801.27,0.74,0.5,0.737235361,0.49996421,0.221170608,0.149989263,1,1,1000,8,0.038408928,0.038408928,0,0.083041062,0.044632134
938,מגאר,2.28,plantations,olives,Plantations,Open Area,1755,Mughar,North,2281.85,0.35,0.24,0.348391976,0.236265823,0.104517593,0.070879747,1,1,1000,8,0.018254156,0.018254156,0,0.039304392,0.021050236
971,מגאר,3.14,plantations,olives,Plantations,Open Area,1755,Mughar,North,3143.88,0.48,0.33,0.480006602,0.325521718,0.144001981,0.097656516,1,1,1000,8,0.025150164,0.025150164,0,0.054152705,0.029002541
992,מגאר,1.22,plantations,olives,Plantations,Open Area,1755,Mughar,North,1216.55,0.19,0.13,0.185742162,0.125963075,0.055722649,0.037788923,1,1,1000,8,0.009732045,0.009732045,0,0.020954796,0.011222751
288,מגל,92.00,plantations,olives,Plantations,Open Area,1735,Menashe,Haifa,92006.20,13.89,9.42,13.88694,9.41758,4.166082,2.825274,1,1,1000,8,0.736,0.736,0,1.5717096,0.8357096
400,מגל,328.80,plantations,vineyard,Plantations,Open Area,1735,Zemer,Center,328834.00,49.64,33.66,49.630716,33.657612,14.8892148,10.0972836,1,1,1000,20,6.576,6.576,0,7.98451344,1.40851344
317,מגן,44.00,field crops,field crops general,Vegetables & field crops in uncovered area,Open Area,1825,Eshkol,South,-43981.40,-6.98,-4.74,6.9861,4.7377,2.09583,1.42131,1,1.04,2000,2,0.176,0.18304,0.00704,0.678348,0.495308
817,מגן שאול,4.10,flowers,flowers general,Flowers,Greenhouse,1745,Hagilbo'a,North,4093.50,0.62,0.42,0.6224415,0.4221155,0.18673245,0.12663465,1,1.05,500,20,0.041,0.04305,0.00205,0.07648386,0.03343386
302,מגן שאול,29.70,others,open area crops,Vegetables & field crops in uncovered area,Open Area,1745,Hagilbo'a,North,29651.50,4.50,3.05,4.5089055,3.0577635,1.35267165,0.91732905,1,1,2000,5,0.297,0.297,0,0.54513162,0.24813162
4,מגשימים,10.44,plantations,deciduous,Plantations and Citrus in covered area,Net House,1765,Drom Hasharon,Center,10435.90,1.60,1.09,1.602454901,1.086722289,0.48073647,0.326016687,1,1,1000,8,0.083485651,0.083485651,0,0.180498066,0.097012414
255,מגשימים,12.15,plantations,deciduous,Plantations and Citrus in covered area,Net Cover,1765,Yehud - Monoson,Center,12151.70,1.87,1.27,1.865919053,1.265393381,0.559775716,0.379618014,1,1,1000,8,0.097211764,0.097211764,0,0.210174264,0.1129625
859,מגשימים,2.61,plantations,general plantation,Plantations,Open Area,1765,Drom Hasharon,Center,2608.68,0.40,0.27,0.400567899,0.271649494,0.12017037,0.081494848,1,1,1000,5,0.013043141,0.013043141,0,0.040423824,0.027380683
550,מודיעין-מכבים-רע,97.08,plantations,olives,Plantations,Open Area,1755,Modi'in - Makabim - Re'ut,Center,97081.30,14.82,10.05,14.82240378,10.05197498,4.446721134,3.015592493,1,1,1000,8,0.776626586,0.776626586,0,1.672212949,0.895586363
520,מזור,10.14,flowers,greens,Flowers,Open Area,1755,Drom Hasharon,Center,10140.80,1.55,1.05,1.548310513,1.050003682,0.464493154,0.315001104,1,1.05,500,20,0.101405542,0.106475819,0.005070277,0.189885933,0.083410114
77,מזור,8.10,plantations,olives,Plantations,Open Area,1765,Hevel Modi'in,Center,8097.46,1.24,0.84,1.243375237,0.843208494,0.373012571,0.252962548,1,1,1000,8,0.064778105,0.064778105,0,0.140051882,0.075273777
594,מזור,4.07,plantations,olives,Plantations,Open Area,1765,Hevel Modi'in,Center,4072.87,0.63,0.42,0.625396203,0.424119264,0.187618861,0.127235779,1,1,1000,8,0.032582264,0.032582264,0,0.07044367,0.037861406
342,מזור,4.40,plantations,organic plantation,Plantations,Open Area,1755,Hevel Modi'in,Center,4398.41,0.67,0.46,0.671555271,0.45542254,0.201466581,0.136626762,1,1,1000,15,0.065974582,0.065974582,0,0.094235454,0.028260872
286,מזכרת בתיה,12.02,plantations,olives,Plantations,Open Area,1775,Mazkeret Batya,Center,12022.20,1.86,1.26,1.856513395,1.259014831,0.556954018,0.377704449,1,1,1000,8,0.096176831,0.096176831,0,0.208787878,0.112611047
172,מזכרת בתיה,7.00,vegetables,tomatoes,Vegetables in covered area,Greenhouse,1775,Mazkeret Batya,Center,7023.29,1.08,0.74,1.080975,0.733075,0.3242925,0.2199225,1,1.1,2000,6,0.084,0.0924,0.0084,0.143409,0.051009
223,מחולה מושב עובדי,8.00,citrus,grapefruits,Citrus,Open Area,1725,Emek Hama'ayanot,North,7975.50,1.20,0.81,1.2006,0.8142,0.36018,0.24426,1,1.03,4000,4,0.128,0.13184,0.00384,0.176808,0.044968
278,מטולה,4.14,plantations,deciduous,Plantations,Open Area,1775,Metula,North,4135.80,0.64,0.43,0.638661645,0.433115368,0.191598493,0.129934611,1,1,1000,8,0.03308592,0.03308592,0,0.071825396,0.038739476
597,מטולה,82.90,plantations,deciduous,Plantations,Open Area,1775,Metula,North,82859.10,12.80,8.68,12.8018325,8.6817025,3.84054975,2.60451075,1,1,1000,8,0.6632,0.6632,0,1.4397243,0.7765243
646,מטולה,5.80,plantations,deciduous,Plantations,Open Area,1775,Metula,North,5838.94,0.90,0.61,0.895665,0.607405,0.2686995,0.1822215,1,1,1000,8,0.0464,0.0464,0,0.1007286,0.0543286
840,מטולה,8.40,plantations,deciduous,Plantations,Open Area,1765,Metula,North,8394.47,1.29,0.87,1.289862,0.874734,0.3869586,0.2624202,1,1,1000,8,0.0672,0.0672,0,0.14528808,0.07808808
619,מטולה,5.66,plantations,subtropical,Plantations,Open Area,1755,Metula,North,5663.91,0.86,0.59,0.864785931,0.586464022,0.259435779,0.175939207,1,1,1000,5,0.028319283,0.028319283,0,0.087367252,0.05904797
238,מי עמי,2.50,flowers,flowers nursery,Flowers,Greenhouse,1765,Menashe,Haifa,2471.41,0.38,0.26,0.3838875,0.2603375,0.11516625,0.07810125,1,1.05,500,20,0.025,0.02625,0.00125,0.0469905,0.0207405
802,מיבטחים,1.50,vegetables,general vegetables,Vegetables in covered area,Greenhouse,1825,Eshkol,South,1462.42,0.23,0.16,0.2381625,0.1615125,0.07144875,0.04845375,1,1.1,2000,5,0.015,0.0165,0.0015,0.0292815,0.0127815
444,מיבטחים,13.90,vegetables,tomatoes,Vegetables in covered area,Net House,1825,Eshkol,South,13946.00,2.21,1.5,2.2069725,1.4966825,0.66209175,0.44900475,1,1.1,2000,6,0.1668,0.18348,0.01668,0.2896899,0.1062099
743,מיגדל,10.80,citrus,exotic citrus,Citrus,Open Area,1685,Migdal,North,10783.10,1.58,1.07,1.583226,1.073682,0.4749678,0.3221046,1,1.03,4000,6,0.2592,0.266976,0.007776,0.28902744,0.02205144
674,מיגדל,8.20,plantations,olives,Plantations,Open Area,1735,Migdal,North,8156.65,1.23,0.83,1.237749,0.839393,0.3713247,0.2518179,1,1,1000,8,0.0656,0.0656,0,0.14008716,0.07448716
137,מיצפה,9.90,plantations,general plantation,Plantations,Open Area,1735,Hagalil Hatahton,North,9883.43,1.49,1.01,1.4943555,1.0134135,0.44830665,0.30402405,1,1,1000,5,0.0495,0.0495,0,0.15130962,0.10180962
368,מירון,1.50,plantations,deciduous,Plantations,Open Area,1775,Merom Hagalil,North,1546.04,0.24,0.16,0.2316375,0.1570875,0.06949125,0.04712625,1,1,1000,8,0.012,0.012,0,0.0260505,0.0140505
604,מיתר,24.10,others,open area crops,Vegetables & field crops in uncovered area,Open Area,1845,Tamar,South,24117.70,3.87,2.63,3.8684115,2.6234055,1.16052345,0.78702165,1,1,2000,5,0.241,0.241,0,0.45940866,0.21840866
567,מלאה,12.50,field crops,field crops general,Vegetables & field crops in uncovered area,Open Area,1745,Hagilbo'a,North,12477.90,1.89,1.28,1.8976875,1.2869375,0.56930625,0.38608125,1,1.04,2000,2,0.05,0.052,0.002,0.1856325,0.1336325
54,מלאה,22.70,others,open area crops,Vegetables & field crops in uncovered area,Open Area,1745,Hagilbo'a,North,22725.60,3.45,2.34,3.4462005,2.3370785,1.03386015,0.70112355,1,1,2000,5,0.227,0.227,0,0.41664942,0.18964942
281,מלילות,7.10,vegetables,peppers,Vegetables in covered area,Greenhouse,1815,Sdot Negev,South,7130.68,1.13,0.76,1.1211255,0.7603035,0.33633765,0.22809105,1,1.1,2000,7,0.0994,0.10934,0.00994,0.15684042,0.04750042
830,מלילות,20.10,vegetables,periodic vegetables,Vegetables in covered area,Net House,1815,Sdot Negev,South,20084.90,3.17,2.15,3.1738905,2.1524085,0.95216715,0.64572255,1,1.1,2000,5,0.201,0.2211,0.0201,0.39094902,0.16984902
74,מנוחה,6.70,citrus,lemon-like,Citrus,Open Area,1795,Lahish,South,6682.18,1.04,0.71,1.0463055,0.7095635,0.31389165,0.21286905,1,1.03,4000,4,0.1072,0.110416,0.003216,0.15139722,0.04098122
222,מנוחה,10.30,non-processed,non-processed,Not cultivated,Open Area,1795,Lahish,South,10312.00,1.61,1.09,1.6084995,1.0908215,0.48254985,0.32724645,1,1,0,0,0,0,0,0.13089858,0.13089858
794,מסדה,26.30,citrus,exotic citrus,Citrus,Open Area,1695,Emek Hayarden,North,26285.60,3.88,2.63,3.8783295,2.6301315,1.16349885,0.78903945,1,1.03,4000,6,0.6312,0.650136,0.018936,0.70569738,0.05556138
140,מסדה,2.00,plantations,subtropical,Plantations and Citrus in covered area,Greenhouse,1705,Emek Hayarden,North,1971.96,0.29,0.2,0.29667,0.20119,0.089001,0.060357,1,1,1000,5,0.01,0.01,0,0.0301428,0.0201428
666,מסילות,5.80,plantations,subtropical,Plantations,Open Area,1705,Emek Hama'ayanot,North,5843.49,0.87,0.59,0.860343,0.583451,0.2581029,0.1750353,1,1,1000,5,0.029,0.029,0,0.08741412,0.05841412
845,מסלול,9.80,citrus,lemon-like,Citrus,Open Area,1815,Merhavim,South,9835.52,1.55,1.05,1.547469,1.049433,0.4642407,0.3148299,1,1.03,4000,4,0.1568,0.161504,0.004704,0.22283436,0.06133036
49,מסעדה,3.00,plantations,deciduous,Plantations,Open Area,1795,Mas'ade,North,3049.71,0.48,0.32,0.468495,0.317715,0.1405485,0.0953145,1,1,1000,8,0.024,0.024,0,0.0525258,0.0285258
200,מסעדה,4.80,plantations,deciduous,Plantations,Open Area,1815,Mas'ade,North,4813.24,0.76,0.52,0.757944,0.514008,0.2273832,0.1542024,1,1,1000,8,0.0384,0.0384,0,0.08472096,0.04632096
251,מסעדה,1.50,plantations,deciduous,Plantations,Open Area,1785,Mas'ade,North,1458.88,0.23,0.15,0.2329425,0.1579725,0.06988275,0.04739175,1,1,1000,8,0.012,0.012,0,0.0261567,0.0141567
399,מסעדה,4.50,plantations,deciduous,Plantations,Open Area,1785,Mas'ade,North,4452.98,0.69,0.47,0.6988275,0.4739175,0.20964825,0.14217525,1,1,1000,8,0.036,0.036,0,0.0784701,0.0424701
612,מסעדה,1.00,plantations,deciduous,Plantations,Open Area,1785,Mas'ade,North,1006.73,0.16,0.11,0.155295,0.105315,0.0465885,0.0315945,1,1,1000,8,0.008,0.008,0,0.0174378,0.0094378
695,מסעדה,2.40,plantations,deciduous,Plantations,Open Area,1825,Mas'ade,North,2372.41,0.38,0.26,0.38106,0.25842,0.114318,0.077526,1,1,1000,8,0.0192,0.0192,0,0.0425304,0.0233304
891,מסעדה,1.60,plantations,deciduous,Plantations,Open Area,1785,Mas'ade,North,1560.32,0.24,0.16,0.248472,0.168504,0.0745416,0.0505512,1,1,1000,8,0.0128,0.0128,0,0.02790048,0.01510048
1004,מסעדה,2.30,plantations,deciduous,Plantations,Open Area,1825,Mas'ade,North,2315.27,0.37,0.25,0.3651825,0.2476525,0.10955475,0.07429575,1,1,1000,8,0.0184,0.0184,0,0.0407583,0.0223583
871,מעין ברוך,22.00,plantations,deciduous,Plantations,Open Area,1745,Hagalil Ha'elyon,North,22049.30,3.35,2.27,3.33993,2.26501,1.001979,0.679503,1,1,1000,8,0.176,0.176,0,0.3774012,0.2014012
827,מעלות תרשיחא,1.50,plantations,olives,Plantations,Open Area,1725,Ma'alot - Tarshiha,North,1508.24,0.23,0.15,0.2251125,0.1526625,0.06753375,0.04579875,1,1,1000,8,0.012,0.012,0,0.0255195,0.0135195
105,מענית,19.30,field crops,field crops general,Vegetables & field crops in uncovered area,Open Area,1735,Menashe,Haifa,19334.70,2.92,1.98,2.9132385,1.9756445,0.87397155,0.59269335,1,1.04,2000,2,0.0772,0.080288,0.003088,0.28525014,0.20496214
518,מערב השרון מא 16,4.80,vegetables,cucumbers,Vegetables in covered area,Greenhouse,1745,Emek Hefer,Center,4794.21,0.73,0.49,0.728712,0.494184,0.2186136,0.1482552,1,1.1,2000,6,0.0576,0.06336,0.00576,0.09731808,0.03395808
545,מערב השרון מא 16,19.07,vegetables,cucumbers,Vegetables in covered area,Greenhouse,1745,Emek Hefer,Center,19066.40,2.89,1.96,2.894472699,1.962918267,0.86834181,0.58887548,1,1.1,2000,6,0.228789463,0.25166841,0.022878946,0.386551238,0.134882828
883,מערב השרון מא 16,14.70,vegetables,cucumbers,Vegetables in covered area,Greenhouse,1745,Emek Hefer,Center,14662.40,2.23,1.51,2.2316805,1.5134385,0.66950415,0.45403155,1,1.1,2000,6,0.1764,0.19404,0.01764,0.29803662,0.10399662
614,מערב השרון מא 16,8.60,others,greenhouse crops,Vegetables in covered area,Greenhouse,1745,Emek Hefer,Center,8600.44,1.31,0.89,1.305609,0.885413,0.3916827,0.2656239,1,1,2000,5,0.086,0.086,0,0.15784956,0.07184956
151,מערב השרון מא 16,10.70,plantations,olives,Plantations,Open Area,1735,Emek Hefer,Center,10681.40,1.61,1.09,1.6151115,1.0953055,0.48453345,0.32859165,1,1,1000,8,0.0856,0.0856,0,0.18279666,0.09719666
134,מערב השרון מא 16,15.45,citrus,orange-like,Citrus,Open Area,1745,Emek Hefer,Center,15451.20,2.35,1.59,2.345655853,1.59073213,0.703696756,0.477219639,1,1.03,4000,4,0.247212025,0.254628386,0.007416361,0.343664887,0.089036501
554,מערב השרון מא 18,3.48,non-processed,non-processed,Not cultivated,Open Area,1755,Lev Hasharon,Center,3481.91,0.53,0.36,0.531619538,0.360523595,0.159485862,0.108157079,1,1,0,0,0,0,0,0.043262831,0.043262831
751,מערב השרון מא 18,13.10,citrus,orange-like,Citrus,Open Area,1755,Lev Hasharon,Center,13053.90,1.99,1.35,2.0001735,1.3564395,0.60005205,0.40693185,1,1.03,4000,4,0.2096,0.215888,0.006288,0.29230554,0.07641754
329,מערב השרון מא 18,12.30,citrus,other citrus,Citrus,Open Area,1755,Lev Hasharon,Center,12334.80,1.88,1.28,1.8780255,1.2736035,0.56340765,0.38208105,1,1.03,4000,4,0.1968,0.202704,0.005904,0.27445482,0.07175082
645,מערב השרון מא 18,10.80,citrus,peelables,Citrus,Open Area,1755,Lev Hasharon,Center,10784.10,1.65,1.12,1.648998,1.118286,0.4946994,0.3354858,1,1.03,4000,6,0.2592,0.266976,0.007776,0.29437992,0.02740392
241,מערב השרון מא 19,28.50,citrus,orange-like,Citrus,Open Area,1765,Hof Hasharon,Center,28529.40,4.38,2.97,4.3763175,2.9678475,1.31289525,0.89035425,1,1.03,4000,4,0.456,0.46968,0.01368,0.6379497,0.1682697
829,מעש,4.82,vegetables,general vegetables,Vegetables & field crops in uncovered area,Open Area,1765,Drom Hasharon,Center,4822.41,0.74,0.5,0.740490147,0.502171479,0.222147044,0.150651444,1,1.1,2000,5,0.048223122,0.053045434,0.004822312,0.092087838,0.039042404
120,מצליח,9.40,vegetables,periodic spices and herbs,Vegetables & field crops in uncovered area,Open Area,1775,Gezer,Center,9403.17,1.45,0.98,1.452056811,0.984728182,0.435617043,0.295418455,1,1.1,2000,3,0.056417943,0.062059737,0.005641794,0.155403224,0.093343487
852,מצליח,11.31,vegetables,periodic spices and herbs,Vegetables & field crops in uncovered area,Open Area,1775,Gezer,Center,11315.20,1.75,1.18,1.747317607,1.184962515,0.524195282,0.355488755,1,1.1,2000,3,0.067889951,0.074678946,0.006788995,0.187002869,0.112323923
831,מצפה נטופה,1.90,plantations,olives,Plantations,Open Area,1775,Hagalil Hatahton,North,1898.16,0.29,0.2,0.2934075,0.1989775,0.08802225,0.05969325,1,1,1000,8,0.0152,0.0152,0,0.0329973,0.0177973
812,מצר,69.40,vegetables,general vegetables,Vegetables & field crops in uncovered area,Open Area,1725,Menashe,Haifa,69360.60,10.41,7.06,10.415205,7.063185,3.1245615,2.1189555,1,1.1,2000,5,0.694,0.7634,0.0694,1.3056222,0.5422222
529,מרגליות,3.47,plantations,deciduous,Plantations,Open Area,1775,Mevo'ot Hahermon,North,3466.49,0.54,0.36,0.535302508,0.363021241,0.160590752,0.108906372,1,1,1000,8,0.027731391,0.027731391,0,0.060201384,0.032469992
651,מרגליות,2.20,plantations,vineyard,Plantations,Open Area,1755,Mevo'ot Hahermon,North,2197.30,0.34,0.23,0.335907,0.227799,0.1007721,0.0683397,1,1,1000,20,0.044,0.044,0,0.05373588,0.00973588
588,מרחביה  מושב,15.50,vegetables,general vegetables,Vegetables & field crops in uncovered area,Open Area,1745,Emek Yizrael,North,15488.30,2.35,1.59,2.3531325,1.5958025,0.70593975,0.47874075,1,1.1,2000,5,0.155,0.1705,0.0155,0.2937963,0.1232963
616,מרחביה  מושב,35.10,vegetables,general vegetables,Vegetables & field crops in uncovered area,Open Area,1745,Emek Yizrael,North,35089.70,5.33,3.61,5.3287065,3.6137205,1.59861195,1.08411615,1,1.1,2000,5,0.351,0.3861,0.0351,0.66530646,0.27920646
668,מרחביה  מושב,18.60,vegetables,general vegetables,Vegetables & field crops in uncovered area,Open Area,1745,Emek Yizrael,North,18554.80,2.82,1.91,2.823759,1.914963,0.8471277,0.5744889,1,1.1,2000,5,0.186,0.2046,0.0186,0.35255556,0.14795556
873,מרחביה  מושב,20.50,vegetables,general vegetables,Vegetables & field crops in uncovered area,Open Area,1745,Emek Yizrael,North,20549.10,3.12,2.12,3.1122075,2.1105775,0.93366225,0.63317325,1,1.1,2000,5,0.205,0.2255,0.0205,0.3885693,0.1630693
266,מרחביה  מושב,9.40,vegetables,spices and herbs without insects,Vegetables in covered area,Greenhouse,1745,Emek Yizrael,North,9353.51,1.42,0.96,1.427061,0.967777,0.4281183,0.2903331,1,1.1,2000,6,0.1128,0.12408,0.01128,0.19058124,0.06650124
609,משאבי שדה,110.30,vegetables,general vegetables,Vegetables & field crops in uncovered area,Open Area,1825,Eshkol,South,110277.00,17.51,11.87,17.5128825,11.8765525,5.25386475,3.56296575,1,1.1,2000,5,1.103,1.2133,0.1103,2.1531663,0.9398663
335,משהד,4.30,others,open area crops,Vegetables & field crops in uncovered area,Open Area,1755,Mishad,North,4311.44,0.66,0.45,0.6565455,0.4452435,0.19696365,0.13357305,1,1,2000,5,0.043,0.043,0,0.07922922,0.03622922
132,משמר הירדן,12.64,plantations,deciduous,Plantations,Open Area,1745,Mevo'ot Hahermon,North,12644.40,1.92,1.3,1.919592067,1.301792321,0.57587762,0.390537696,1,1,1000,8,0.101154277,0.101154277,0,0.216907645,0.115753368
247,משמרת,0.48,flowers,flowers general,Flowers,Open Area,1755,Lev Hasharon,Center,476.50,0.07,0.05,0.072752127,0.04933765,0.021825638,0.014801295,1,1.05,500,20,0.004764851,0.005003094,0.000238243,0.008922374,0.003919281
220,משמרת,0.54,flowers,flowers nursery,Flowers,Greenhouse,1765,Lev Hasharon,Center,543.52,0.08,0.06,0.083457634,0.056597706,0.02503729,0.016979312,1,1.05,500,20,0.005435032,0.005706784,0.000271752,0.010215795,0.004509011
2,משען,12.20,field crops,field crops general,Vegetables & field crops in uncovered area,Open Area,1805,Hof Ashkelon,South,12169.80,1.91,1.3,1.915827,1.299239,0.5747481,0.3897717,1,1.04,2000,2,0.0488,0.050752,0.001952,0.18635988,0.13560788
16,משען,26.60,vegetables,periodic vegetables,Vegetables & field crops in uncovered area,Open Area,1805,Hof Ashkelon,South,26581.80,4.17,2.83,4.177131,2.832767,1.2531393,0.8498301,1,1.1,2000,5,0.266,0.2926,0.0266,0.51549204,0.22289204
729,נאעורה,8.00,others,open area crops,Vegetables & field crops in uncovered area,Open Area,1755,Hagilbo'a,North,7958.04,1.22,0.82,1.22148,0.82836,0.366444,0.248508,1,1,2000,5,0.08,0.08,0,0.1474032,0.0674032
531,נבטים,5.42,non-processed,non-processed,Not cultivated,Open Area,1845,Bnei Shim'on,South,5421.79,0.87,0.59,0.870262691,0.590178147,0.261078807,0.177053444,1,1,0,0,0,0,0,0.070821378,0.070821378
742,נבטים,12.10,non-processed,non-processed,Not cultivated,Open Area,1845,Bnei Shim'on,South,12066.70,1.94,1.31,1.9422315,1.3171455,0.58266945,0.39514365,1,1,0,0,0,0,0,0.15805746,0.15805746
384,נגבה,12.00,plantations,subtropical,Plantations,Open Area,1805,Yoav,South,11993.70,1.88,1.28,1.88442,1.27794,0.565326,0.383382,1,1,1000,5,0.06,0.06,0,0.1893528,0.1293528
929,נוב,14.50,plantations,plantation nursery,Plantations,Open Area,1775,Golan,North,14464.80,2.23,1.51,2.2391625,1.5185125,0.67174875,0.45555375,1,1,1000,10,0.145,0.145,0,0.2692215,0.1242215
442,נווה אטי''ב,3.50,non-processed,non-processed,Not cultivated,Open Area,1725,Golan,North,3523.84,0.53,0.36,0.5252625,0.3562125,0.15757875,0.10686375,1,1,0,0,0,0,0,0.0427455,0.0427455
416,"נווה אטי""ב",4.70,plantations,vineyard,Plantations,Open Area,1765,Golan,North,4650.77,0.71,0.48,0.7217085,0.4894345,0.21651255,0.14683035,1,1,1000,20,0.094,0.094,0,0.11513214,0.02113214
921,נווה איתן,25.20,field crops,field crops for silage,Vegetables & field crops in uncovered area,Open Area,1725,Emek Hama'ayanot,North,25179.70,3.78,2.56,3.78189,2.56473,1.134567,0.769419,1,1.04,2000,4,0.2016,0.209664,0.008064,0.433566,0.223902
606,נווה ים,3.40,vegetables,cucumbers,Vegetables in covered area,Greenhouse,1735,Hof Hacarmel,Haifa,3369.51,0.51,0.34,0.513213,0.348041,0.1539639,0.1044123,1,1.1,2000,6,0.0408,0.04488,0.00408,0.06869292,0.02381292
920,נווה מיבטח,18.30,field crops,field crops general,Vegetables & field crops in uncovered area,Open Area,1795,Be'er Tuvya,South,18285.90,2.86,1.94,2.8578195,1.9380615,0.85734585,0.58141845,1,1.04,2000,2,0.0732,0.076128,0.002928,0.27824418,0.20211618
446,נווה מיבטח,8.60,vegetables,general vegetables,Vegetables & field crops in uncovered area,Open Area,1795,Be'er Tuvya,South,8642.71,1.35,0.92,1.343019,0.910783,0.4029057,0.2732349,1,1.1,2000,5,0.086,0.0946,0.0086,0.16605396,0.07145396
730,נועם,1.50,citrus,lemon-like,Citrus,Open Area,1795,Shafir,South,1521.09,0.24,0.16,0.2342475,0.1588575,0.07027425,0.04765725,1,1.03,4000,4,0.024,0.02472,0.00072,0.0338949,0.0091749
750,נוף הגליל,92.69,plantations,olives,Plantations,Open Area,1745,Nof Hagalil,North,92689.70,14.07,9.54,14.07114074,9.542497744,4.221342222,2.862749323,1,1,1000,8,0.741488825,0.741488825,0,1.589993024,0.848504199
507,נורדיה,3.95,non-processed,non-processed,Not cultivated,Net House,1765,Lev Hasharon,Center,3948.86,0.61,0.41,0.606354309,0.411205796,0.181906293,0.123361739,1,1,0,0,0,0,0,0.049344696,0.049344696
879,נורדיה,4.12,plantations,subtropical,Plantations,Open Area,1765,Lev Hasharon,Center,4121.81,0.63,0.43,0.632910716,0.429215313,0.189873215,0.128764594,1,1,1000,5,0.0206086,0.0206086,0,0.063870998,0.043262398
512,נחלה,32.22,vegetables,general vegetables,Vegetables & field crops in uncovered area,Open Area,1795,Yoav,South,32222.90,5.03,3.41,5.032065021,3.412549842,1.509619506,1.023764953,1,1.1,2000,5,0.322227453,0.354450198,0.032222745,0.6221761,0.267725902
112,נחם,7.20,plantations,olives,Plantations,Open Area,1755,Beit Shemesh,Jerusalem,7202.84,1.10,0.75,1.099332,0.745524,0.3297996,0.2236572,1,1,1000,8,0.0576,0.0576,0,0.12402288,0.06642288
257,נחף,3.40,plantations,olives,Plantations,Open Area,1755,Nahef,North,3405.00,0.52,0.35,0.519129,0.352053,0.1557387,0.1056159,1,1,1000,8,0.0272,0.0272,0,0.05856636,0.03136636
331,נחף,8.16,plantations,olives,Plantations,Open Area,1755,Nahef,North,8164.39,1.25,0.85,1.246554667,0.845364659,0.3739664,0.253609398,1,1,1000,8,0.065313799,0.065313799,0,0.140632038,0.07531824
273,נטועה,3.60,plantations,deciduous,Plantations,Open Area,1755,Ma'ale Yosef,North,3628.89,0.55,0.38,0.549666,0.372762,0.1648998,0.1118286,1,1,1000,8,0.0288,0.0288,0,0.06201144,0.03321144
583,נטועה,5.30,plantations,deciduous,Plantations,Open Area,1755,Ma'ale Yosef,North,5341.15,0.82,0.55,0.8092305,0.5487885,0.24276915,0.16463655,1,1,1000,8,0.0424,0.0424,0,0.09129462,0.04889462
308,נטעים,1.48,vegetables,general vegetables,Vegetables & field crops in uncovered area,Open Area,1795,Gan Ra've,Center,1479.38,0.23,0.16,0.23102813,0.156674249,0.069308439,0.047002275,1,1.1,2000,5,0.014793848,0.016273233,0.001479385,0.02856485,0.012291617
560,נטעים,1.11,vegetables,general vegetables,Vegetables & field crops in uncovered area,Open Area,1795,Gan Ra've,Center,1108.99,0.17,0.12,0.173185784,0.117447831,0.051955735,0.035234349,1,1.1,2000,5,0.011089923,0.012198915,0.001108992,0.021413089,0.009214174
369,ניצני סיני,9.70,vegetables,tomatoes,Vegetables in covered area,Greenhouse,1885,Ramat Negev,South,9680.06,1.59,1.08,1.5907515,1.0787855,0.47722545,0.32363565,1,1.1,2000,6,0.1164,0.12804,0.01164,0.20627826,0.07823826
966,ניצני סיני,8.00,vegetables,tomatoes,Vegetables in covered area,Greenhouse,1885,Ramat Negev,South,8005.30,1.31,0.89,1.31196,0.88972,0.393588,0.266916,1,1.1,2000,6,0.096,0.1056,0.0096,0.1701264,0.0645264
559,ניצני עוז,2.40,flowers,flowers nursery,Flowers,Greenhouse,1745,Lev Hasharon,Center,2415.30,0.37,0.25,0.364356,0.247092,0.1093068,0.0741276,1,1.05,500,20,0.024,0.0252,0.0012,0.04477104,0.01957104
641,ניצני עוז,6.70,citrus,peelables,Citrus,Open Area,1745,Lev Hasharon,Center,6746.35,1.02,0.69,1.0171605,0.6897985,0.30514815,0.20693955,1,1.03,4000,6,0.1608,0.165624,0.004824,0.18215022,0.01652622
466,ניר בנים,12.55,field crops,field crops general,Vegetables & field crops in uncovered area,Open Area,1795,Be'er Tuvya,South,12552.20,1.96,1.33,1.96022511,1.329348063,0.588067533,0.398804419,1,1.04,2000,2,0.050209077,0.05221744,0.002008363,0.190852231,0.138634792
45,ניר דוד (תל עמל),80.90,field crops,field crops general,Vegetables & field crops in uncovered area,Open Area,1735,Emek Hama'ayanot,North,80877.10,12.21,8.28,12.2114505,8.2813285,3.66343515,2.48439855,1,1.04,2000,2,0.3236,0.336544,0.012944,1.19568582,0.85914182
576,ניר יצחק,252.70,vegetables,general vegetables,Vegetables & field crops in uncovered area,Open Area,1825,Eshkol,South,252625.00,40.11,27.2,40.1224425,27.2094725,12.03673275,8.16284175,1,1.1,2000,5,2.527,2.7797,0.2527,4.9329567,2.1532567
706,ניר יצחק,0.10,non-processed,non-processed,Not cultivated,Open Area,1825,Eshkol,South,149.56,0.02,0.02,0.0158775,0.0107675,0.00476325,0.00323025,1,1,0,0,0,0,0,0.0012921,0.0012921
461,ניר ישראל,55.50,field crops,field crops general,Vegetables & field crops in uncovered area,Open Area,1805,Hof Ashkelon,South,55514.50,8.72,5.91,8.7154425,5.9104725,2.61463275,1.77314175,1,1.04,2000,2,0.222,0.23088,0.00888,0.8477847,0.6169047
955,ניר ישראל,17.50,field crops,field crops general,Vegetables & field crops in uncovered area,Open Area,1805,Hof Ashkelon,South,17476.30,2.74,1.86,2.7481125,1.8636625,0.82443375,0.55909875,1,1.04,2000,2,0.07,0.0728,0.0028,0.2673195,0.1945195
917,ניר ישראל,7.74,citrus,peelables,Citrus,Open Area,1815,Hof Ashkelon,South,7742.72,1.22,0.83,1.222652858,0.829155387,0.366795857,0.248746616,1,1.03,4000,6,0.185831155,0.19140609,0.005574935,0.2143423,0.02293621
837,ניר עוז,201.10,field crops,field crops general,Vegetables & field crops in uncovered area,Open Area,1825,Eshkol,South,201084.00,31.93,21.65,31.9296525,21.6534425,9.57889575,6.49603275,1,1.04,2000,2,0.8044,0.836576,0.032176,3.1003587,2.2637827
819,ניר עם,13.90,citrus,grapefruits,Citrus,Open Area,1815,Sha'ar Hanegev,South,13946.40,2.20,1.49,2.1948795,1.4884815,0.65846385,0.44654445,1,1.03,4000,4,0.2224,0.229072,0.006672,0.31606098,0.08698898
739,ניר עקיבא,13.83,citrus,grapefruits,Citrus,Open Area,1805,Merhavim,South,13824.80,2.17,1.47,2.171044546,1.472317565,0.651313364,0.44169527,1,1.03,4000,4,0.221203634,0.227839743,0.006636109,0.313381954,0.08554221
481,ניר צבי,19.25,flowers,flowers nursery,Flowers,Greenhouse,1775,Sdot Dan,Center,19248.20,2.97,2.02,2.972357991,2.015737028,0.891707397,0.604721108,1,1.05,500,20,0.192479067,0.20210302,0.009623953,0.363150256,0.161047235
237,ניר צבי,3.50,citrus,non-processed,Not cultivated,Open Area,1775,Sdot Dan,Center,3498.49,0.54,0.37,0.540244918,0.366372991,0.162073476,0.109911897,1,1,0,0,0,0,0,0.043964759,0.043964759
926,נירים,134.30,field crops,field crops general,Vegetables & field crops in uncovered area,Open Area,1835,Eshkol,South,134256.00,21.43,14.54,21.4403235,14.5399895,6.43209705,4.36199685,1,1.04,2000,2,0.5372,0.558688,0.021488,2.08001154,1.52132354
948,נירים,94.90,field crops,field crops general,Vegetables & field crops in uncovered area,Open Area,1825,Eshkol,South,94901.80,15.07,10.22,15.0677475,10.2183575,4.52032425,3.06550725,1,1.04,2000,2,0.3796,0.394784,0.015184,1.4630733,1.0682893
814,נירן (נערן),34.41,non-processed,non-processed,Not cultivated,Open Area,1765,Jordan valley,Other,34412.00,5.28,3.58,5.283998079,3.583400996,1.585199424,1.075020299,1,1,0,0,0,0,0,0.43000812,0.43000812
316,נעמי,3.20,vegetables,spices and herbs,Vegetables in covered area,Building,1795,Jordan valley,Other,3232.11,0.50,0.34,0.499728,0.338896,0.1499184,0.1016688,1,1.1,2000,3,0.0192,0.02112,0.00192,0.05333952,0.03221952
886,נען,11.87,plantations,deciduous,Plantations,Open Area,1775,Gezer,Center,11875.10,1.83,1.24,1.833781528,1.243598967,0.550134458,0.37307969,1,1,1000,8,0.094999205,0.094999205,0,0.206231399,0.111232194
593,נען,0.41,others,greenhouse crops,Vegetables in covered area,Greenhouse,1785,Gezer,Center,412.88,0.06,0.04,0.064117957,0.043482293,0.019235387,0.013044688,1,1,2000,5,0.004128784,0.004128784,0,0.007695146,0.003566361
184,נען,24.86,plantations,subtropical,Plantations,Open Area,1775,Gezer,Center,24861.30,3.84,2.6,3.839145043,2.603558133,1.151743513,0.78106744,1,1,1000,5,0.124304518,0.124304518,0,0.387009687,0.262705169
448,נתיב הגדוד,23.20,others,greenhouse crops,Vegetables in covered area,Greenhouse,1775,Jordan valley,Other,23204.60,3.58,2.43,3.58266,2.42962,1.074798,0.728886,1,1,2000,5,0.232,0.232,0,0.4307544,0.1987544
737,נתיב העשרה,2.30,vegetables,F1 hybrid seeds,Vegetables in covered area,Greenhouse,1825,Hof Ashkelon,South,2327.54,0.37,0.25,0.3651825,0.2476525,0.10955475,0.07429575,1,1,500,1000,1.15,1.15,0,0.7197183,-0.4302817
234,נתיב העשרה,2.20,non-processed,non-processed,Not cultivated,Open Area,1825,Hof Ashkelon,South,2208.32,0.35,0.24,0.349305,0.236885,0.1047915,0.0710655,1,1,0,0,0,0,0,0.0284262,0.0284262
346,נתיב השיירה,4.70,plantations,general plantation,Plantations,Open Area,1725,Ma'te Asher,North,4665.24,0.70,0.47,0.7053525,0.4783425,0.21160575,0.14350275,1,1,1000,5,0.0235,0.0235,0,0.0715011,0.0480011
875,סאג'ור,2.31,plantations,olives,Plantations,Open Area,1765,Sajur,North,2309.95,0.35,0.24,0.354690798,0.240537438,0.106407239,0.072161231,1,1,1000,8,0.018478893,0.018478893,0,0.039951828,0.021472935
534,סגולה,1.00,field crops,field crops for silage,Vegetables & field crops in uncovered area,Open Area,1795,Yoav,South,959.70,0.15,0.1,0.156165,0.105905,0.0468495,0.0317715,1,1.04,2000,4,0.008,0.00832,0.00032,0.0177006,0.0093806
314,סולם,17.50,field crops,field crops general,Vegetables & field crops in uncovered area,Open Area,1755,Bustan al Marj,North,17517.60,2.67,1.81,2.6719875,1.8120375,0.80159625,0.54361125,1,1.04,2000,2,0.07,0.0728,0.0028,0.2611245,0.1883245
353,סולם,3.60,plantations,olives,Plantations,Open Area,1765,No Jurisdiction - Giv'at Hamor'e Area,North,3637.76,0.56,0.38,0.552798,0.374886,0.1658394,0.1124658,1,1,1000,8,0.0288,0.0288,0,0.06226632,0.03346632
874,סולם,9.80,plantations,olives,Plantations,Open Area,1765,Bustan al Marj,North,9785.52,1.50,1.02,1.504839,1.020523,0.4514517,0.3061569,1,1,1000,8,0.0784,0.0784,0,0.16950276,0.09110276
11,סח'נין,0.64,plantations,olives,Plantations,Open Area,1745,Sah'nin,North,642.28,0.10,0.07,0.097503887,0.066123325,0.029251166,0.019836998,1,1,1000,8,0.005138037,0.005138037,0,0.011017621,0.005879584
143,סח'נין,11.58,plantations,olives,Plantations,Open Area,1755,Sah'nin,North,11582.30,1.77,1.2,1.768379548,1.1992459,0.530513864,0.35977377,1,1,1000,8,0.09265505,0.09265505,0,0.199502538,0.106847488
565,סח'נין,2.34,plantations,olives,Plantations,Open Area,1755,Sah'nin,North,2342.66,0.36,0.24,0.357676304,0.242562091,0.107302891,0.072768627,1,1,1000,8,0.018740613,0.018740613,0,0.040351818,0.021611206
825,סח'נין,2.06,plantations,olives,Plantations,Open Area,1755,Sah'nin,North,2056.80,0.31,0.21,0.314029147,0.212962295,0.094208744,0.063888688,1,1,1000,8,0.0164537,0.0164537,0,0.035427695,0.018973995
906,סח'נין,5.07,plantations,olives,Plantations,Open Area,1755,Sah'nin,North,5074.28,0.77,0.53,0.774735025,0.525395017,0.232420508,0.157618505,1,1,1000,8,0.040592594,0.040592594,0,0.087402958,0.046810364
1003,סח'נין,0.63,plantations,olives,Plantations,Open Area,1755,Sah'nin,North,631.39,0.10,0.07,0.096400243,0.065374877,0.028920073,0.019612463,1,1,1000,8,0.005050935,0.005050935,0,0.010875546,0.005824611
1013,סח'נין,5.99,plantations,olives,Plantations,Open Area,1755,Sah'nin,North,5990.35,0.91,0.62,0.914600217,0.620246124,0.274380065,0.186073837,1,1,1000,8,0.047920894,0.047920894,0,0.103182071,0.055261177
343,סח'נין,4.60,others,open area crops,Vegetables & field crops in uncovered area,Open Area,1755,Sah'nin,North,4596.32,0.70,0.48,0.702351,0.476307,0.2107053,0.1428921,1,1,2000,5,0.046,0.046,0,0.08475684,0.03875684
569,סלמה,3.50,plantations,olives,Plantations,Open Area,1765,Misgav,North,3517.66,0.54,0.37,0.5374425,0.3644725,0.16123275,0.10934175,1,1,1000,8,0.028,0.028,0,0.0605367,0.0325367
801,סער,9.60,field crops,field crops general,Vegetables & field crops in uncovered area,Open Area,1725,Ma'te Asher,North,9562.58,1.44,0.97,1.44072,0.97704,0.432216,0.293112,1,1.04,2000,2,0.0384,0.039936,0.001536,0.1412064,0.1012704
909,ספסופה,4.63,plantations,deciduous,Plantations,Open Area,1795,Merom Hagalil,North,4627.17,0.72,0.49,0.722579417,0.490025122,0.216773825,0.147007537,1,1,1000,8,0.037016203,0.037016203,0,0.081012736,0.043996533
689,ספסופה,7.20,plantations,general plantation,Plantations,Open Area,1795,Merom Hagalil,North,7202.31,1.12,0.76,1.124388,0.762516,0.3373164,0.2287548,1,1,1000,5,0.036,0.036,0,0.11310192,0.07710192
473,ספסופה,2.10,non-processed,non-processed,Not cultivated,Open Area,1795,Jish (Gush Halav),North,2092.30,0.33,0.22,0.3279465,0.2224005,0.09838395,0.06672015,1,1,0,0,0,0,0,0.02668806,0.02668806
894,ספסופה,2.10,plantations,vineyard,Plantations and Citrus in covered area,Greenhouse,1795,Merom Hagalil,North,2056.67,0.32,0.22,0.3279465,0.2224005,0.09838395,0.06672015,1,1,1000,20,0.042,0.042,0,0.05188806,0.00988806
1010,עדנים,16.31,vegetables,general vegetables,Vegetables & field crops in uncovered area,Open Area,1755,Drom Hasharon,Center,16311.40,2.49,1.69,2.490449582,1.688925579,0.747134875,0.506677674,1,1.1,2000,5,0.163110298,0.179421328,0.01631103,0.310323866,0.130902538
488,עוזה,24.20,field crops,field crops general,Vegetables & field crops in uncovered area,Open Area,1795,Shafir,South,24170.60,3.77,2.56,3.779193,2.562901,1.1337579,0.7688703,1,1.04,2000,2,0.0968,0.100672,0.003872,0.36795132,0.26727932
527,עוזה,23.60,field crops,field crops general,Vegetables & field crops in uncovered area,Open Area,1795,Shafir,South,23586.00,3.68,2.5,3.685494,2.499358,1.1056482,0.7498074,1,1.04,2000,2,0.0944,0.098176,0.003776,0.35882856,0.26065256
681,עוזה,7.70,field crops,field crops general,Vegetables & field crops in uncovered area,Open Area,1795,Shafir,South,7724.91,1.21,0.82,1.2024705,0.8154685,0.36074115,0.24464055,1,1.04,2000,2,0.0308,0.032032,0.001232,0.11707542,0.08504342
704,עוזה,79.40,field crops,field crops general,Vegetables & field crops in uncovered area,Open Area,1795,Shafir,South,79425.50,12.40,8.41,12.399501,8.408857,3.7198503,2.5226571,1,1.04,2000,2,0.3176,0.330304,0.012704,1.20724524,0.87694124
183,עוזה,11.30,citrus,other citrus,Citrus,Open Area,1795,Shafir,South,11341.70,1.77,1.2,1.7646645,1.1967265,0.52939935,0.35901795,1,1.03,4000,4,0.1808,0.186224,0.005424,0.25534158,0.06911758
129,עולש,5.50,field crops,field crops general,Vegetables & field crops in uncovered area,Open Area,1745,Emek Hefer,Center,5456.05,0.83,0.56,0.8349825,0.5662525,0.25049475,0.16987575,1,1.04,2000,2,0.022,0.02288,0.00088,0.0816783,0.0587983
300,עומר,13.00,plantations,general plantation,Plantations,Open Area,1835,Omer,South,13040.20,2.08,1.41,2.075385,1.407445,0.6226155,0.4222335,1,1,1000,5,0.065,0.065,0,0.2078934,0.1428934
724,עופר,3.20,plantations,olives,Plantations,Open Area,1725,Hof Hacarmel,Haifa,3233.21,0.49,0.33,0.48024,0.32568,0.144072,0.097704,1,1,1000,8,0.0256,0.0256,0,0.0544416,0.0288416
722,עזריאל,4.96,field crops,field crops general,Vegetables & field crops in uncovered area,Open Area,1745,Lev Hasharon,Center,4958.14,0.75,0.51,0.752697999,0.510450367,0.2258094,0.15313511,1,1.04,2000,2,0.01983198,0.020625259,0.000793279,0.073629199,0.05300394
195,עזריאל,1.90,vegetables,spices and herbs without insects,Vegetables in covered area,Building,1745,Lev Hasharon,Center,1862.17,0.28,0.19,0.2884485,0.1956145,0.08653455,0.05868435,1,1.1,2000,6,0.0228,0.02508,0.00228,0.03852174,0.01344174
738,עזריקם,3.70,vegetables,peppers,Vegetables in covered area,Net House,1805,Be'er Tuvya,South,3711.66,0.58,0.4,0.5810295,0.3940315,0.17430885,0.11820945,1,1.1,2000,7,0.0518,0.05698,0.00518,0.08147178,0.02449178
292,עידן,9.88,vegetables,eggplants,Vegetables in covered area,Greenhouse,1835,Ha'arava Hatihona,South,9884.61,1.58,1.07,1.577968622,1.070116651,0.473390586,0.321034995,1,1.1,2000,8,0.158147752,0.173962528,0.015814775,0.232791515,0.058828987
397,עידן,5.10,vegetables,peppers,Vegetables in covered area,Net House,1845,Ha'arava Hatihona,South,5059.67,0.81,0.55,0.8186265,0.5551605,0.24558795,0.16654815,1,1.1,2000,7,0.0714,0.07854,0.00714,0.11374326,0.03520326
517,עילבון,6.32,plantations,olives,Plantations,Open Area,1755,Ilabun,North,6324.53,0.97,0.65,0.9649692,0.6544044,0.28949076,0.19632132,1,1,1000,8,0.05056,0.05056,0,0.108864528,0.058304528
888,עילבון,18.78,plantations,olives,Plantations,Open Area,1755,Ilabun,North,18782.50,2.87,1.94,2.8674243,1.9445751,0.86022729,0.58337253,1,1,1000,8,0.15024,0.15024,0,0.323493012,0.173253012
631,עילוט,1.20,plantations,olives,Plantations,Open Area,1755,Ilut,North,1175.48,0.18,0.12,0.183222,0.124254,0.0549666,0.0372762,1,1,1000,8,0.0096,0.0096,0,0.02067048,0.01107048
14,עין אילה,18.20,non-processed,non-processed,Not cultivated,Open Area,1735,Hof Hacarmel,Haifa,18151.40,2.74,1.86,2.747199,1.863043,0.8241597,0.5589129,1,1,0,0,0,0,0,0.22356516,0.22356516
35,עין אל-אסד,0.86,plantations,olives,Plantations,Open Area,1785,Merom Hagalil,North,863.45,0.13,0.09,0.134084609,0.090930941,0.040225383,0.027279282,1,1,1000,8,0.00690735,0.00690735,0,0.015056123,0.008148773
138,עין אל-אסד,0.97,plantations,olives,Plantations,Open Area,1785,Merom Hagalil,North,970.36,0.15,0.1,0.150686369,0.102189607,0.045205911,0.030656882,1,1,1000,8,0.007762587,0.007762587,0,0.016920305,0.009157718
142,עין אל-אסד,2.69,plantations,olives,Plantations,Open Area,1775,Merom Hagalil,North,2693.75,0.42,0.28,0.415968336,0.282093469,0.124790501,0.084628041,1,1,1000,8,0.021549274,0.021549274,0,0.046780781,0.025231507
504,עין אל-אסד,1.95,plantations,olives,Plantations,Open Area,1785,Merom Hagalil,North,1951.70,0.30,0.21,0.303077586,0.205535374,0.090923276,0.061660612,1,1,1000,8,0.015612999,0.015612999,0,0.034032044,0.018419045
701,עין אל-אסד,0.43,plantations,olives,Plantations,Open Area,1785,Merom Hagalil,North,433.39,0.07,0.05,0.067301466,0.045641224,0.02019044,0.013692367,1,1,1000,8,0.003467026,0.003467026,0,0.007557162,0.004090137
721,עין אל-אסד,1.22,plantations,olives,Plantations,Open Area,1785,Merom Hagalil,North,1223.48,0.19,0.13,0.189994081,0.12884656,0.056998224,0.038653968,1,1,1000,8,0.009787518,0.009787518,0,0.021334098,0.01154658
848,עין אל-אסד,1.17,plantations,olives,Plantations,Open Area,1775,Merom Hagalil,North,1168.24,0.18,0.12,0.180400003,0.122340232,0.054120001,0.03670207,1,1,1000,8,0.009345637,0.009345637,0,0.02028821,0.010942573
351,עין הבשור,0.55,vegetables,lettuce,Vegetables & field crops in uncovered area,Open Area,1835,Eshkol,South,547.98,0.09,0.06,0.087490414,0.059332579,0.026247124,0.017799774,1,1.1,2000,5,0.00548031,0.006028341,0.000548031,0.010736914,0.004708573
833,עין הבשור,9.35,vegetables,lettuce,Vegetables & field crops in uncovered area,Open Area,1825,Eshkol,South,9349.16,1.48,1.01,1.484530539,1.006750596,0.445359162,0.302025179,1,1.1,2000,5,0.093499011,0.102848912,0.009349901,0.182519418,0.079670507
824,עין הבשור,1.40,plantations,subtropical,Plantations and Citrus in covered area,Net Cover,1835,Eshkol,South,1366.47,0.22,0.15,0.223503,0.151571,0.0670509,0.0454713,1,1,1000,5,0.007,0.007,0,0.02238852,0.01538852
377,עין המפרץ,49.20,others,open area crops,Vegetables & field crops in uncovered area,Open Area,1755,Ako (Acre),North,49203.80,7.51,5.09,7.512102,5.094414,2.2536306,1.5283242,1,1,2000,5,0.492,0.492,0,0.90652968,0.41452968
509,עין המפרץ,6.62,plantations,subtropical,Plantations,Open Area,1755,Ma'te Asher,North,6619.90,1.01,0.69,1.010717878,0.685429366,0.303215363,0.20562881,1,1,1000,5,0.033098139,0.033098139,0,0.102110407,0.069012268
591,עין השופט,389.20,non-processed,non-processed,Not cultivated,Open Area,1745,Megido,North,389208.00,59.09,40.07,59.086398,40.070086,17.7259194,12.0210258,1,1,0,0,0,0,0,4.80841032,4.80841032
556,עין השופט,47.80,citrus,peelables,Citrus,Open Area,1745,Megido,North,47766.10,7.25,4.92,7.256757,4.921249,2.1770271,1.4763747,1,1.03,4000,6,1.1472,1.181616,0.034416,1.29951948,0.11790348
703,עין השלשה,65.90,field crops,field crops general,Vegetables & field crops in uncovered area,Open Area,1825,Eshkol,South,65922.30,10.47,7.1,10.4632725,7.0957825,3.13898175,2.12873475,1,1.04,2000,2,0.2636,0.274144,0.010544,1.0159803,0.7418363
836,עין השלשה,73.20,vegetables,general vegetables,Vegetables & field crops in uncovered area,Open Area,1825,Eshkol,South,73153.40,11.61,7.88,11.62233,7.88181,3.486699,2.364543,1,1.1,2000,5,0.732,0.8052,0.0732,1.4289372,0.6237372
846,עין ורד,9.45,plantations,deciduous,Plantations,Open Area,1755,Lev Hasharon,Center,9447.43,1.44,0.98,1.44244251,0.978208139,0.432732753,0.293462442,1,1,1000,8,0.075577431,0.075577431,0,0.162731435,0.087154004
910,עין ורד,3.16,flowers,flowers general,Flowers,Net House,1755,Lev Hasharon,Center,3158.31,0.48,0.33,0.482212964,0.327017987,0.144663889,0.098105396,1,1.05,500,20,0.031582209,0.03316132,0.00157911,0.05913895,0.025977631
75,עין ורד,3.29,citrus,peelables,Citrus,Open Area,1755,Lev Hasharon,Center,3291.08,0.50,0.34,0.50248524,0.340765853,0.150745572,0.102229756,1,1.03,4000,6,0.078983828,0.081353343,0.002369515,0.089703908,0.008350565
478,עין חצבה,43.00,vegetables,general vegetables,Vegetables in covered area,Tunnels,1855,Tamar,South,42955.00,6.93,4.7,6.939555,4.706135,2.0818665,1.4118405,1,1.1,2000,5,0.43,0.473,0.043,0.8485362,0.3755362
161,עין חרוד איחוד,17.80,citrus,grapefruits,Citrus,Open Area,1755,Hagilbo'a,North,17802.00,2.72,1.84,2.717793,1.843101,0.8153379,0.5529303,1,1.03,4000,4,0.2848,0.293344,0.008544,0.39717852,0.10383452
91,עין יהב,5.62,vegetables,general vegetables,Vegetables in covered area,Tunnels,1875,Ha'arava Hatihona,South,5621.92,0.92,0.62,0.917039155,0.621900117,0.275111747,0.186570035,1,1.1,2000,5,0.05621696,0.061838656,0.005621696,0.111731207,0.049892552
299,עין יהב,7.10,vegetables,periodic vegetables,Vegetables in covered area,Tunnels,1875,Ha'arava Hatihona,South,7053.31,1.15,0.78,1.1581875,0.7854375,0.34745625,0.23563125,1,1.1,2000,5,0.071,0.0781,0.0071,0.1411125,0.0630125
981,עין יהב,10.10,plantations,vineyard,Plantations and Citrus in covered area,Greenhouse,1875,Ha'arava Hatihona,South,10111.00,1.65,1.12,1.6475625,1.1173125,0.49426875,0.33519375,1,1,1000,20,0.202,0.202,0,0.2552775,0.0532775
385,עין יעקב,2.70,plantations,olives,Plantations,Open Area,1695,Ma'te Asher,North,2711.10,0.40,0.27,0.3981555,0.2700135,0.11944665,0.08100405,1,1,1000,8,0.0216,0.0216,0,0.04536162,0.02376162
1007,עין כרמל,11.20,plantations,subtropical,Plantations,Open Area,1725,Hof Hacarmel,Haifa,11155.60,1.67,1.14,1.68084,1.13988,0.504252,0.341964,1,1,1000,5,0.056,0.056,0,0.1703856,0.1143856
47,עין מאהל,0.90,plantations,olives,Plantations,Open Area,1775,Eyn Mahel,North,890.64,0.14,0.09,0.1389825,0.0942525,0.04169475,0.02827575,1,1,1000,8,0.0072,0.0072,0,0.0156303,0.0084303
562,עין מאהל,4.10,plantations,olives,Plantations,Open Area,1765,Eyn Mahel,North,4116.22,0.63,0.43,0.6295755,0.4269535,0.18887265,0.12808605,1,1,1000,8,0.0328,0.0328,0,0.07091442,0.03811442
411,עין עירון,9.40,plantations,deciduous,Plantations,Open Area,1725,Menashe,Haifa,9445.06,1.42,0.96,1.410705,0.956685,0.4232115,0.2870055,1,1,1000,8,0.0752,0.0752,0,0.1599222,0.0847222
536,עין עירון,1.90,field crops,field crops general,Vegetables & field crops in uncovered area,Open Area,1725,Menashe,Haifa,1939.10,0.29,0.2,0.2851425,0.1933725,0.08554275,0.05801175,1,1.04,2000,2,0.0076,0.007904,0.000304,0.0279471,0.0200431
487,עלמה,5.70,plantations,deciduous,Plantations,Open Area,1755,Merom Hagalil,North,5749.91,0.88,0.6,0.8703045,0.5902065,0.26109135,0.17706195,1,1,1000,8,0.0456,0.0456,0,0.09818478,0.05258478
786,עלמה,15.70,plantations,deciduous,Plantations,Open Area,1785,Merom Hagalil,North,15695.50,2.44,1.65,2.437370853,1.652929659,0.731211256,0.495878898,1,1,1000,8,0.125560815,0.125560815,0,0.273688048,0.148127233
671,עמיעוז,10.10,vegetables,tomatoes,Vegetables in covered area,Greenhouse,1825,Eshkol,South,10128.90,1.61,1.09,1.6036275,1.0875175,0.48108825,0.32625525,1,1.1,2000,6,0.1212,0.13332,0.01212,0.2104941,0.0771741
325,עמק בית שאן מא 7,10.10,field crops,field crops general,Vegetables & field crops in uncovered area,Open Area,1735,Emek Hama'ayanot,North,10053.10,1.52,1.03,1.5245445,1.0338865,0.45736335,0.31016595,1,1.04,2000,2,0.0404,0.042016,0.001616,0.14927598,0.10725998
763,עמק בית שאן מא 7,905.00,field crops,field crops general,Vegetables & field crops in uncovered area,Open Area,1725,Emek Hama'ayanot,North,905053.00,135.83,92.11,135.817875,92.106375,40.7453625,27.6319125,1,1.04,2000,2,3.62,3.7648,0.1448,13.311645,9.546845
57,עמק בית שאן מא 7,26.50,vegetables,tomatoes,Vegetables & field crops in uncovered area,Open Area,1725,Emek Hama'ayanot,North,26510.60,3.98,2.7,3.9769875,2.6970375,1.19309625,0.80911125,1,1.1,2000,6,0.318,0.3498,0.0318,0.5335245,0.1837245
851,עמק חרוד מא 8,147.40,field crops,field crops for silage,Vegetables & field crops in uncovered area,Open Area,1755,Hagilbo'a,North,147364.00,22.50,15.26,22.505769,15.262533,6.7517307,4.5787599,1,1.04,2000,4,1.1792,1.226368,0.047168,2.56732476,1.34095676
753,עמק יזרעאל מא 9,4.90,plantations,olives,Plantations,Open Area,1745,Emek Yizrael,North,4928.14,0.75,0.51,0.7438935,0.5044795,0.22316805,0.15134385,1,1,1000,8,0.0392,0.0392,0,0.08405754,0.04485754
821,עמק יזרעאל מא 9,15.50,plantations,olives,Plantations,Open Area,1755,Emek Yizrael,North,15466.50,2.36,1.6,2.3666175,1.6049475,0.70998525,0.48148425,1,1,1000,8,0.124,0.124,0,0.2669937,0.1429937
672,עמק יזרעאל מא 9,11.30,others,open area crops,Vegetables & field crops in uncovered area,Open Area,1755,Emek Yizrael,North,11319.40,1.73,1.17,1.7253405,1.1700585,0.51760215,0.35101755,1,1,2000,5,0.113,0.113,0,0.20820702,0.09520702
790,עמק יזרעאל מא 9,16.00,others,open area crops,Vegetables & field crops in uncovered area,Open Area,1745,Emek Yizrael,North,15974.30,2.43,1.64,2.42904,1.64728,0.728712,0.494184,1,1,2000,5,0.16,0.16,0,0.2936736,0.1336736
949,עמק יזרעאל מא 9,2.70,others,open area crops,Vegetables & field crops in uncovered area,Open Area,1755,Basmat Tivon,North,2704.90,0.41,0.28,0.4122495,0.2795715,0.12367485,0.08387145,1,1,2000,5,0.027,0.027,0,0.04974858,0.02274858
958,עמק יזרעאל מא 9,12.30,others,open area crops,Vegetables & field crops in uncovered area,Open Area,1745,Emek Yizrael,North,12317.10,1.87,1.27,1.8673245,1.2663465,0.56019735,0.37990395,1,1,2000,5,0.123,0.123,0,0.22576158,0.10276158
1006,עמק יזרעאל מא 9,59.10,others,open area crops,Vegetables & field crops in uncovered area,Open Area,1735,Emek Yizrael,North,59053.80,8.91,6.05,8.9208495,6.0497715,2.67625485,1.81493145,1,1,2000,5,0.591,0.591,0,1.08057258,0.48957258
128,עמקה,6.77,plantations,olives,Plantations,Open Area,1715,Ma'te Asher,North,6768.65,1.01,0.68,1.009873792,0.68485694,0.302962138,0.205457082,1,1,1000,8,0.054146914,0.054146914,0,0.114670981,0.060524067
175,עמקה,6.10,plantations,subtropical,Plantations,Open Area,1715,Ma'te Asher,North,6077.65,0.91,0.61,0.9101505,0.6172285,0.27304515,0.18516855,1,1,1000,5,0.0305,0.0305,0,0.09236742,0.06186742
311,עמקה,5.77,plantations,subtropical,Plantations,Open Area,1715,Ma'te Asher,North,5768.43,0.86,0.58,0.860641554,0.583653467,0.258192466,0.17509604,1,1,1000,5,0.028840909,0.028840909,0,0.087342961,0.058502053
768,עמקה,11.60,plantations,subtropical,Plantations,Open Area,1715,Ma'te Asher,North,11556.70,1.72,1.17,1.730778,1.173746,0.5192334,0.3521238,1,1,1000,5,0.058,0.058,0,0.17564952,0.11764952
792,עמקה,6.20,plantations,subtropical,Plantations,Open Area,1705,Ma'te Asher,North,6198.29,0.92,0.62,0.919382395,0.62348921,0.275814718,0.187046763,1,1,1000,5,0.03099007,0.03099007,0,0.093412747,0.062422677
880,עפולה,10.40,field crops,field crops general,Vegetables & field crops in uncovered area,Open Area,1745,Afula,North,10435.50,1.58,1.07,1.578876,1.070732,0.4736628,0.3212196,1,1.04,2000,2,0.0416,0.043264,0.001664,0.15444624,0.11118224
508,עראבה,5.80,plantations,olives,Plantations,Open Area,1755,Ara'be,North,5803.63,0.89,0.6,0.885573,0.600561,0.2656719,0.1801683,1,1,1000,8,0.0464,0.0464,0,0.09990732,0.05350732
656,ערד,11.70,others,open area crops,Vegetables & field crops in uncovered area,Open Area,1905,Arad,South,11698.00,1.94,1.31,1.9390995,1.3150215,0.58172985,0.39450645,1,1,2000,5,0.117,0.117,0,0.22800258,0.11100258
690,ערד,33.50,others,open area crops,Vegetables & field crops in uncovered area,Open Area,1895,Arad,South,33536.40,5.53,3.75,5.5229775,3.7454675,1.65689325,1.12364025,1,1,2000,5,0.335,0.335,0,0.6504561,0.3154561
823,ערד,8.80,others,open area crops,Vegetables & field crops in uncovered area,Open Area,1895,Arad,South,8812.05,1.45,0.99,1.450812,0.983884,0.4352436,0.2951652,1,1,2000,5,0.088,0.088,0,0.17086608,0.08286608
119,ערוגות,5.60,others,open area crops,Vegetables & field crops in uncovered area,Open Area,1785,Be'er Tuvya,South,5564.00,0.86,0.59,0.869652,0.589764,0.2608956,0.1769292,1,1,2000,5,0.056,0.056,0,0.10437168,0.04837168
130,ערוגות,6.00,plantations,vineyard,Plantations,Open Area,1785,Be'er Tuvya,South,5961.11,0.93,0.63,0.93177,0.63189,0.279531,0.189567,1,1,1000,20,0.12,0.12,0,0.1478268,0.0278268
475,ערוגות,4.60,plantations,vineyard,Plantations,Open Area,1795,Be'er Tuvya,South,4555.12,0.71,0.48,0.718359,0.487163,0.2155077,0.1461489,1,1,1000,20,0.092,0.092,0,0.11365956,0.02165956
144,ערערה,0.60,plantations,olives,Plantations,Open Area,1715,Ar'ara,Haifa,644.60,0.10,0.07,0.089523,0.060711,0.0268569,0.0182133,1,1,1000,8,0.0048,0.0048,0,0.01016532,0.00536532
771,ערערה,2.60,plantations,olives,Plantations,Open Area,1725,Ar'ara,Haifa,2562.81,0.38,0.26,0.390195,0.264615,0.1170585,0.0793845,1,1,1000,8,0.0208,0.0208,0,0.0442338,0.0234338
617,עתלית,58.70,plantations,subtropical,Plantations and Citrus in covered area,Net House,1725,Hof Hacarmel,Haifa,58742.10,8.82,5.98,8.8094025,5.9741925,2.64282075,1.79225775,1,1,1000,5,0.2935,0.2935,0,0.8930031,0.5995031
199,פארן,13.10,vegetables,peppers,Vegetables in covered area,Net House,1905,Ha'arava Hatihona,South,13052.50,2.16,1.47,2.1711285,1.4723745,0.65133855,0.44171235,1,1.1,2000,7,0.1834,0.20174,0.01834,0.29772894,0.09598894
296,פארן,20.60,vegetables,peppers,Vegetables in covered area,Net House,1905,Ha'arava Hatihona,South,20617.60,3.42,2.32,3.414141,2.315337,1.0242423,0.6946011,1,1.1,2000,7,0.2884,0.31724,0.02884,0.46818444,0.15094444
544,פארן,5.80,vegetables,peppers,Vegetables in covered area,Greenhouse,1905,Ha'arava Hatihona,South,5751.84,0.95,0.65,0.961263,0.651891,0.2883789,0.1955673,1,1.1,2000,7,0.0812,0.08932,0.00812,0.13181892,0.04249892
323,פארן,6.20,plantations,subtropical,Plantations and Citrus in covered area,Net House,1905,Ha'arava Hatihona,South,6230.78,1.03,0.7,1.027557,0.696849,0.3082671,0.2090547,1,1,1000,5,0.031,0.031,0,0.10222188,0.07122188
654,פדויים,50.20,field crops,field crops general,Vegetables & field crops in uncovered area,Open Area,1815,Merhavim,South,50185.70,7.92,5.37,7.926831,5.375667,2.3780493,1.6127001,1,1.04,2000,2,0.2008,0.208832,0.008032,0.77037924,0.56154724
113,פדיה,7.85,plantations,vineyard,Plantations,Open Area,1775,Gezer,Center,7851.20,1.21,0.82,1.212399468,0.822201938,0.36371984,0.246660581,1,1,1000,20,0.157021139,0.157021139,0,0.192876916,0.035855777
500,פדיה,2.68,plantations,vineyard,Plantations,Open Area,1775,Gezer,Center,2678.84,0.41,0.28,0.413672885,0.280536784,0.124101866,0.084161035,1,1,1000,20,0.053575896,0.053575896,0,0.065809952,0.012234056
332,פורידיס,1.20,flowers,flowers nursery,Flowers,Greenhouse,1735,Furaydis,Haifa,1176.97,0.18,0.12,0.181134,0.122838,0.0543402,0.0368514,1,1.05,500,20,0.012,0.0126,0.0006,0.02230056,0.00970056
358,פורידיס,1.98,plantations,general plantation,Plantations,Open Area,1735,Furaydis,Haifa,1977.16,0.30,0.2,0.298434012,0.202386284,0.089530203,0.060715885,1,1,1000,5,0.009885522,0.009885522,0,0.030217667,0.020332145
336,פורת,1.14,flowers,flowers general,Flowers,Greenhouse,1755,Lev Hasharon,Center,1142.45,0.17,0.12,0.17443041,0.118291887,0.052329123,0.035487566,1,1.05,500,20,0.011424201,0.011995411,0.00057121,0.021392273,0.009396862
293,פורת,9.49,flowers,greens,Flowers,Net House,1755,Lev Hasharon,Center,9488.54,1.45,0.98,1.448717801,0.982463796,0.43461534,0.294739139,1,1.05,500,20,0.094882785,0.099626924,0.004744139,0.17767181,0.078044886
519,פורת,8.03,flowers,greens,Flowers,Net House,1755,Lev Hasharon,Center,8029.25,1.23,0.83,1.22590827,0.831363079,0.367772481,0.249408924,1,1.05,500,20,0.080290027,0.084304528,0.004014501,0.150346286,0.066041758
637,פטיש,19.80,field crops,field crops general,Vegetables & field crops in uncovered area,Open Area,1815,Merhavim,South,19758.60,3.12,2.12,3.126519,2.120283,0.9379557,0.6360849,1,1.04,2000,2,0.0792,0.082368,0.003168,0.30385476,0.22148676
985,פטיש,21.20,field crops,field crops general,Vegetables & field crops in uncovered area,Open Area,1815,Merhavim,South,21230.40,3.35,2.27,3.347586,2.270202,1.0042758,0.6810606,1,1.04,2000,2,0.0848,0.088192,0.003392,0.32533944,0.23714744
1019,פטיש,161.70,field crops,field crops general,Vegetables & field crops in uncovered area,Open Area,1825,Merhavim,South,161638.00,25.66,17.4,25.6739175,17.4110475,7.70217525,5.22331425,1,1.04,2000,2,0.6468,0.672672,0.025872,2.4929289,1.8202569
268,פסגות,3.50,plantations,vineyard,Plantations,Open Area,1845,Mateh Binyamin,Other,3451.16,0.55,0.38,0.5618025,0.3809925,0.16854075,0.11429775,1,1,1000,20,0.07,0.07,0,0.0877191,0.0177191
322,פסוטה,3.10,plantations,olives,Plantations,Open Area,1745,Fasuta,North,3114.30,0.47,0.32,0.4706265,0.3191605,0.14118795,0.09574815,1,1,1000,8,0.0248,0.0248,0,0.05317926,0.02837926
476,פסוטה,14.30,plantations,olives,Plantations,Open Area,1735,Fasuta,North,14342.10,2.16,1.47,2.1585135,1.4638195,0.64755405,0.43914585,1,1,1000,8,0.1144,0.1144,0,0.24429834,0.12989834
32,"פעמי תש""ז",10.54,citrus,peelables,Citrus,Open Area,1805,Merhavim,South,10543.20,1.66,1.12,1.65568199,1.122818821,0.496704597,0.336845646,1,1.03,4000,6,0.253041473,0.260632717,0.007591244,0.291117889,0.030485171
259,"פעמי תש""ז",12.40,vegetables,tomatoes,Vegetables in covered area,Greenhouse,1805,Merhavim,South,12358.00,1.94,1.32,1.947234,1.320538,0.5841702,0.3961614,1,1.1,2000,6,0.1488,0.16368,0.01488,0.25667256,0.09299256
63,פצאל,1.50,plantations,plantation nursery,Plantations and Citrus in covered area,Net Cover,1765,Jordan valley,Other,1519.13,0.23,0.16,0.2303325,0.1562025,0.06909975,0.04686075,1,1,1000,10,0.015,0.015,0,0.0277443,0.0127443
20,פקיעין (בוקיעה),3.52,plantations,olives,Plantations,Open Area,1765,Pki'in (Buke'a),North,3523.21,0.54,0.37,0.54098494,0.366874844,0.162295482,0.110062453,1,1,1000,8,0.028184556,0.028184556,0,0.060935715,0.032751159
253,פקיעין (בוקיעה),0.93,plantations,olives,Plantations,Open Area,1745,Pki'in (Buke'a),North,925.34,0.14,0.1,0.14047406,0.095264017,0.042142218,0.028579205,1,1,1000,8,0.007402381,0.007402381,0,0.015873111,0.00847073
347,פקיעין (בוקיעה),3.71,plantations,olives,Plantations,Open Area,1745,Pki'in (Buke'a),North,3709.35,0.56,0.38,0.563112455,0.38188086,0.168933736,0.114564258,1,1,1000,8,0.029673614,0.029673614,0,0.063629871,0.033956258
459,פקיעין (בוקיעה),6.26,plantations,olives,Plantations,Open Area,1745,Pki'in (Buke'a),North,6263.47,0.95,0.64,0.950852176,0.644830786,0.285255653,0.193449236,1,1,1000,8,0.050105835,0.050105835,0,0.107443196,0.05733736
699,פקיעין (בוקיעה),2.21,plantations,olives,Plantations,Open Area,1745,Pki'in (Buke'a),North,2214.02,0.34,0.23,0.336107466,0.227934948,0.10083224,0.068380484,1,1,1000,8,0.017711423,0.017711423,0,0.037979048,0.020267624
1017,פקיעין (בוקיעה),1.39,plantations,olives,Plantations,Open Area,1745,Pki'in (Buke'a),North,1391.32,0.21,0.14,0.211214594,0.143237483,0.063364378,0.042971245,1,1,1000,8,0.011130104,0.011130104,0,0.02386656,0.012736456
693,פקיעין חדשה,5.90,plantations,subtropical,Plantations,Open Area,1725,Kabul,North,5895.45,0.88,0.6,0.884722232,0.599984042,0.265416669,0.179995213,1,1,1000,5,0.029476003,0.029476003,0,0.089683687,0.060207684
104,פרדס חנה - כרכור,14.90,field crops,field crops general,Vegetables & field crops in uncovered area,Open Area,1735,Pardes Hana - Karkur,Haifa,14928.00,2.25,1.53,2.2490805,1.5252385,0.67472415,0.45757155,1,1.04,2000,2,0.0596,0.061984,0.002384,0.22021902,0.15823502
88,פרדס חנה - כרכור,4.00,others,open area crops,Vegetables & field crops in uncovered area,Open Area,1745,Pardes Hana - Karkur,Haifa,3962.17,0.60,0.41,0.60726,0.41182,0.182178,0.123546,1,1,2000,5,0.04,0.04,0,0.0734184,0.0334184
951,פרדס חנה - כרכור,9.90,others,open area crops,Vegetables & field crops in uncovered area,Open Area,1735,Pardes Hana - Karkur,Haifa,9936.82,1.50,1.02,1.4943555,1.0134135,0.44830665,0.30402405,1,1,2000,5,0.099,0.099,0,0.18100962,0.08200962
86,פרדס חנה - כרכור,4.50,citrus,peelables,Citrus,Open Area,1745,Pardes Hana - Karkur,Haifa,4542.81,0.69,0.47,0.6831675,0.4632975,0.20495025,0.13898925,1,1.03,4000,6,0.108,0.11124,0.00324,0.1223397,0.0110997
483,פרדס חנה - כרכור,3.10,plantations,subtropical,Plantations,Open Area,1745,Pardes Hana - Karkur,Haifa,3140.32,0.48,0.32,0.4706265,0.3191605,0.14118795,0.09574815,1,1,1000,5,0.0155,0.0155,0,0.04759926,0.03209926
280,פרוד,3.30,plantations,general plantation,Plantations,Open Area,1775,Merom Hagalil,North,3300.23,0.51,0.35,0.5096025,0.3455925,0.15288075,0.10367775,1,1,1000,5,0.0165,0.0165,0,0.0513711,0.0348711
522,פרוד,1.90,plantations,general plantation,Plantations,Open Area,1775,Merom Hagalil,North,1948.97,0.30,0.2,0.2934075,0.1989775,0.08802225,0.05969325,1,1,1000,5,0.0095,0.0095,0,0.0295773,0.0200773
623,פרזון,16.40,vegetables,periodic spices and herbs,Vegetables & field crops in uncovered area,Open Area,1745,Hagilbo'a,North,16389.20,2.49,1.69,2.489766,1.688462,0.7469298,0.5065386,1,1.1,2000,3,0.0984,0.10824,0.00984,0.26755944,0.15931944
952,פרזון,22.60,vegetables,periodic spices and herbs,Vegetables & field crops in uncovered area,Open Area,1745,Hagilbo'a,North,22578.30,3.43,2.32,3.431019,2.326783,1.0293057,0.6980349,1,1.1,2000,3,0.1356,0.14916,0.01356,0.36870996,0.21954996
84,פרי גן,8.70,vegetables,general vegetables,Vegetables & field crops in uncovered area,Open Area,1825,Eshkol,South,8650.90,1.37,0.93,1.3813425,0.9367725,0.41440275,0.28103175,1,1.1,2000,5,0.087,0.0957,0.0087,0.1698327,0.0741327
708,פרי גן,8.40,others,open area crops,Vegetables & field crops in uncovered area,Open Area,1825,Eshkol,South,8374.27,1.33,0.9,1.33371,0.90447,0.400113,0.271341,1,1,2000,5,0.084,0.084,0,0.1589364,0.0749364
232,צאלים,293.50,field crops,field crops general,Vegetables & field crops in uncovered area,Open Area,1835,Eshkol,South,-294925.00,-47.08,-31.93,46.8558075,31.7757775,14.05674225,9.53273325,1,1.04,2000,2,1.174,1.22096,0.04696,4.5456693,3.3247093
155,צופר,19.00,citrus,lemon-like,Plantations and Citrus in covered area,Net Cover,1885,Ha'arava Hatihona,South,18977.60,3.11,2.11,3.115905,2.113085,0.9347715,0.6339255,1,1.03,4000,4,0.304,0.31312,0.00912,0.4414422,0.1283222
147,צור משה,4.22,vegetables,general vegetables,Vegetables & field crops in uncovered area,Open Area,1765,Lev Hasharon,Center,4216.15,0.65,0.44,0.647395238,0.43903815,0.194218572,0.131711445,1,1.1,2000,5,0.042160479,0.046376527,0.004216048,0.080510494,0.034133967
897,צור משה,3.26,vegetables,general vegetables,Vegetables & field crops in uncovered area,Open Area,1755,Lev Hasharon,Center,3260.84,0.50,0.34,0.497867339,0.337634172,0.149360202,0.101290252,1,1.1,2000,5,0.032607482,0.03586823,0.003260748,0.062037039,0.026168809
211,צור נתן,11.16,plantations,subtropical,Plantations,Open Area,1745,Drom Hasharon,Center,11159.60,1.69,1.15,1.69414822,1.148905115,0.508244466,0.344671534,1,1,1000,5,0.05579647,0.05579647,0,0.171346496,0.115550026
622,צור נתן,15.65,plantations,subtropical,Plantations,Open Area,1745,Drom Hasharon,Center,15646.80,2.38,1.61,2.375339168,1.610862194,0.71260175,0.483258658,1,1,1000,5,0.078231373,0.078231373,0,0.240242287,0.162010914
94,צחר,2.77,vegetables,general vegetables,Vegetables & field crops in uncovered area,Open Area,1825,Eshkol,South,2769.41,0.44,0.3,0.439753606,0.29822371,0.131926082,0.089467113,1,1.1,2000,5,0.027696653,0.030466318,0.002769665,0.054066636,0.023600318
613,ציפורי,0.40,flowers,flowers general,Flowers,Greenhouse,1745,Emek Yizrael,North,409.10,0.06,0.04,0.060726,0.041182,0.0182178,0.0123546,1,1.05,500,20,0.004,0.0042,0.0002,0.00746184,0.00326184
309,ציפורי,7.10,plantations,general plantation,Plantations,Open Area,1745,Emek Yizrael,North,7133.23,1.08,0.73,1.0778865,0.7309805,0.32336595,0.21929415,1,1,1000,5,0.0355,0.0355,0,0.10901766,0.07351766
450,ציפורי,2.80,others,open area crops,Vegetables & field crops in uncovered area,Open Area,1755,Emek Yizrael,North,2823.25,0.43,0.29,0.427518,0.289926,0.1282554,0.0869778,1,1,2000,5,0.028,0.028,0,0.05159112,0.02359112
389,צנדלה,1.00,others,greenhouse crops,Vegetables in covered area,Greenhouse,1745,Hagilbo'a,North,955.22,0.15,0.1,0.151815,0.102955,0.0455445,0.0308865,1,1,2000,5,0.01,0.01,0,0.0183546,0.0083546
843,צנדלה,2.60,plantations,olives,Plantations,Open Area,1745,Hagilbo'a,North,2559.46,0.39,0.26,0.394719,0.267683,0.1184157,0.0803049,1,1,1000,8,0.0208,0.0208,0,0.04460196,0.02380196
603,צרופה,11.00,plantations,subtropical,Plantations and Citrus in covered area,Net House,1725,Hof Hacarmel,Haifa,10969.70,1.65,1.12,1.650825,1.119525,0.4952475,0.3358575,1,1,1000,5,0.055,0.055,0,0.167343,0.112343
858,צרעה,46.30,plantations,nuts,Plantations,Open Area,1755,Ma'te Yehuda,Jerusalem,46347.70,7.08,4.8,7.0693155,4.7941335,2.12079465,1.43824005,1,1,1000,15,0.6945,0.6945,0,0.99199602,0.29749602
321,קבוצת יבנה,40.44,field crops,field crops general,Vegetables & field crops in uncovered area,Open Area,1805,Hevel Yavne,Center,40440.70,6.35,4.31,6.35066502,4.30677283,1.905199506,1.292031849,1,1.04,2000,2,0.161764321,0.168234893,0.006470573,0.617753676,0.449518782
727,קבוצת יבנה,132.84,field crops,field crops general,Vegetables & field crops in uncovered area,Open Area,1795,Hevel Yavne,Center,132836.00,20.74,14.07,20.74427065,14.06795366,6.223281196,4.220386099,1,1.04,2000,2,0.531342379,0.552596074,0.021253695,2.019712084,1.46711601
977,קדימה-צורן,6.30,non-processed,non-processed,Not cultivated,Open Area,1765,Kadima - Tsoran,Center,6326.10,0.97,0.66,0.9673965,0.6560505,0.29021895,0.19681515,1,1,0,0,0,0,0,0.07872606,0.07872606
810,קדרים,13.20,citrus,other citrus,Citrus,Open Area,1765,Hagalil Ha'elyon,North,13160.70,2.02,1.37,2.026926,1.374582,0.6080778,0.4123746,1,1.03,4000,4,0.2112,0.217536,0.006336,0.29547144,0.07793544
235,קוממיות,181.10,field crops,field crops for silage,Vegetables & field crops in uncovered area,Open Area,1795,Shafir,South,181146.00,28.29,19.18,28.2814815,19.1793955,8.48444445,5.75381865,1,1.04,2000,4,1.4488,1.506752,0.057952,3.20557866,1.69882666
301,קידמת צבי,5.30,plantations,deciduous,Plantations,Open Area,1755,Golan,North,5279.55,0.81,0.55,0.8092305,0.5487885,0.24276915,0.16463655,1,1,1000,8,0.0424,0.0424,0,0.09129462,0.04889462
741,קידמת צבי,1.60,plantations,vineyard,Plantations,Open Area,1785,Golan,North,1575.26,0.24,0.17,0.248472,0.168504,0.0745416,0.0505512,1,1,1000,20,0.032,0.032,0,0.03942048,0.00742048
537,קידרון,7.25,plantations,deciduous,Plantations,Open Area,1785,Nahal Sorek,Center,7253.62,1.13,0.76,1.126442273,0.763909127,0.337932682,0.229172738,1,1,1000,8,0.058028515,0.058028515,0,0.126486204,0.068457689
114,קלנסווה,5.23,vegetables,general vegetables,Vegetables in covered area,Tunnels,1745,Kalanswa,Center,5227.41,0.79,0.54,0.793576078,0.538172283,0.238072823,0.161451685,1,1.1,2000,5,0.052272574,0.057499831,0.005227257,0.099080573,0.041580741
30,ראמה,2.44,plantations,olives,Plantations,Open Area,1755,Ra'me,North,2444.92,0.37,0.25,0.373289385,0.253150272,0.111986815,0.075945082,1,1,1000,8,0.019558667,0.019558667,0,0.042113233,0.022554566
38,ראמה,6.55,plantations,olives,Plantations,Open Area,1775,Ra'me,North,6554.63,1.01,0.69,1.012163092,0.686409453,0.303648928,0.205922836,1,1,1000,8,0.052435193,0.052435193,0,0.11383025,0.061395057
696,ראמה,1.29,plantations,olives,Plantations,Open Area,1765,No Jurisdiction - Hanania Junction Area,North,1289.12,0.20,0.13,0.197944171,0.134238001,0.059383251,0.0402714,1,1,1000,8,0.010312614,0.010312614,0,0.022296128,0.011983515
775,ראמה,8.50,plantations,olives,Plantations,Open Area,1765,Ra'me,North,8496.36,1.30,0.88,1.304611928,0.884736825,0.391383578,0.265421047,1,1,1000,8,0.067968451,0.067968451,0,0.146949489,0.078981039
862,ראמה,7.96,plantations,olives,Plantations,Open Area,1765,Ra'me,North,7961.29,1.22,0.83,1.222452081,0.829019228,0.366735624,0.248705768,1,1,1000,8,0.063688038,0.063688038,0,0.13769513,0.074007092
957,ראמה,2.86,plantations,olives,Plantations,Open Area,1775,Ra'me,North,2856.89,0.44,0.3,0.441158624,0.299176538,0.132347587,0.089752961,1,1,1000,8,0.022854259,0.022854259,0,0.04961374,0.026759481
6,ראש פינה,47.80,plantations,deciduous,Plantations,Open Area,1765,Rosh Pina,North,47796.20,7.34,4.98,7.339929,4.977653,2.2019787,1.4932959,1,1,1000,8,0.3824,0.3824,0,0.82675836,0.44435836
532,ראש פינה,17.60,plantations,deciduous,Plantations,Open Area,1745,Mevo'ot Hahermon,North,17641.50,2.68,1.82,2.671944,1.812008,0.8015832,0.5436024,1,1,1000,8,0.1408,0.1408,0,0.30192096,0.16112096
608,ראש פינה,4.22,plantations,deciduous,Plantations,Open Area,1755,Hagalil Ha'elyon,North,4221.30,0.64,0.44,0.64451969,0.437088066,0.193355907,0.13112642,1,1,1000,8,0.033769902,0.033769902,0,0.072712509,0.038942607
46,ראש פינה,18.90,plantations,olives,Plantations,Open Area,1745,Rosh Pina,North,18908.90,2.87,1.95,2.8693035,1.9458495,0.86079105,0.58375485,1,1,1000,8,0.1512,0.1512,0,0.32422194,0.17302194
669,ראש פינה,8.70,plantations,olives,Plantations,Open Area,1765,Rosh Pina,North,8721.01,1.34,0.91,1.3359285,0.9059745,0.40077855,0.27179235,1,1,1000,8,0.0696,0.0696,0,0.15047694,0.08087694
191,רבדים,143.70,field crops,field crops for silage,Vegetables & field crops in uncovered area,Open Area,1785,Yoav,South,143657.00,22.31,15.13,22.3158915,15.1337655,6.69476745,4.54012965,1,1.04,2000,4,1.1496,1.195584,0.045984,2.53340226,1.33781826
940,רביבים,38.70,plantations,olives,Plantations,Open Area,1865,Ramat Negev,South,38704.50,6.28,4.26,6.2792685,4.2583545,1.88378055,1.27750635,1,1,1000,8,0.3096,0.3096,0,0.69676254,0.38716254
515,רביד,3.30,field crops,field crops general,Vegetables & field crops in uncovered area,Open Area,1745,Migdal,North,3307.39,0.50,0.34,0.5009895,0.3397515,0.15029685,0.10192545,1,1.04,2000,2,0.0132,0.013728,0.000528,0.04900698,0.03527898
558,רגבים,68.40,plantations,general plantation,Plantations,Open Area,1725,Menashe,Haifa,68433.80,10.27,6.96,10.26513,6.96141,3.079539,2.088423,1,1,1000,5,0.342,0.342,0,1.0405692,0.6985692
25,רהט,197.80,others,open area crops,Vegetables & field crops in uncovered area,Open Area,1815,Rahat,South,198025.00,31.27,21.21,31.233609,21.181413,9.3700827,6.3544239,1,1,2000,5,1.978,1.978,0,3.72856956,1.75056956
973,רוחמה,191.80,field crops,field crops general,Vegetables & field crops in uncovered area,Open Area,1805,Sha'ar Hanegev,South,191808.00,30.12,20.43,30.119313,20.425741,9.0357939,6.1277223,1,1.04,2000,2,0.7672,0.797888,0.030688,2.92982172,2.13193372
867,רומת היב,3.50,plantations,general plantation,Plantations,Open Area,1755,al Batuf,North,3530.81,0.54,0.37,0.5343975,0.3624075,0.16031925,0.10872225,1,1,1000,5,0.0175,0.0175,0,0.0539889,0.0364889
755,רומת היב,2.20,plantations,olives,Plantations,Open Area,1755,al Batuf,North,2201.92,0.34,0.23,0.335907,0.227799,0.1007721,0.0683397,1,1,1000,8,0.0176,0.0176,0,0.03789588,0.02029588
284,רחוב,12.56,vegetables,periodic spices and herbs,Vegetables & field crops in uncovered area,Open Area,1745,Emek Hama'ayanot,North,12562.50,1.91,1.29,1.907121541,1.293335298,0.572136462,0.388000589,1,1.1,2000,3,0.07537285,0.082910135,0.007537285,0.204946317,0.122036182
809,רחוב,8.70,vegetables,periodic spices and herbs,Vegetables & field crops in uncovered area,Open Area,1745,Emek Hama'ayanot,North,8690.95,1.32,0.89,1.3207905,0.8957085,0.39623715,0.26871255,1,1.1,2000,3,0.0522,0.05742,0.00522,0.14193702,0.08451702
799,רחובות,47.60,others,open area crops,Vegetables & field crops in uncovered area,Open Area,1785,Rehovot,Center,47646.60,7.40,5.02,7.392042,5.012994,2.2176126,1.5038982,1,1,2000,5,0.476,0.476,0,0.88715928,0.41115928
158,ריחאניה,6.70,others,open area crops,Vegetables & field crops in uncovered area,Open Area,1785,Merom Hagalil,North,6744.17,1.05,0.71,1.0404765,0.7056105,0.31214295,0.21168315,1,1,2000,5,0.067,0.067,0,0.12487326,0.05787326
338,רישפון,16.70,others,open area crops,Vegetables & field crops in uncovered area,Open Area,1765,Hof Hasharon,Center,16739.70,2.57,1.74,2.5643685,1.7390545,0.76931055,0.52171635,1,1,2000,5,0.167,0.167,0,0.30888654,0.14188654
315,רם-און,2.60,flowers,flowers general,Flowers,Open Area,1745,Hagilbo'a,North,2561.02,0.39,0.26,0.394719,0.267683,0.1184157,0.0803049,1,1.05,500,20,0.026,0.0273,0.0013,0.04850196,0.02120196
414,רמת הכובש,17.90,citrus,peelables,Citrus,Open Area,1755,Drom Hasharon,Center,17913.30,2.74,1.85,2.7330615,1.8534555,0.81991845,0.55603665,1,1.03,4000,6,0.4296,0.442488,0.012888,0.48790746,0.04541946
691,רמת צבי,9.40,plantations,olives,Plantations,Open Area,1755,Hagilbo'a,North,9402.32,1.44,0.97,1.435239,0.973323,0.4305717,0.2919969,1,1,1000,8,0.0752,0.0752,0,0.16191876,0.08671876
53,רמת צבי,15.84,others,open area crops,Vegetables & field crops in uncovered area,Open Area,1755,Hagilbo'a,North,15836.50,2.42,1.64,2.41791875,1.639738003,0.725375625,0.491921401,1,1,2000,5,0.15835994,0.15835994,0,0.291784525,0.133424584
396,רמת רחל,8.90,citrus,peelables,Citrus,Open Area,1775,Ma'te Yehuda,Jerusalem,8925.99,1.38,0.93,1.3743825,0.9320525,0.41231475,0.27961575,1,1.03,4000,6,0.2136,0.220008,0.006408,0.2438511,0.0238431
975,רמת רחל,9.60,plantations,subtropical,Plantations,Open Area,1775,Ma'te Yehuda,Jerusalem,9646.79,1.49,1.01,1.48248,1.00536,0.444744,0.301608,1,1,1000,5,0.048,0.048,0,0.1494432,0.1014432
996,רמת רחל,1.60,plantations,subtropical,Plantations,Open Area,1775,Ma'te Yehuda,Jerusalem,1561.83,0.24,0.16,0.24708,0.16756,0.074124,0.050268,1,1,1000,5,0.008,0.008,0,0.0249072,0.0169072
935,רנן,7.30,flowers,flowers nursery,Flowers,Open Area,1815,Merhavim,South,7348.86,1.16,0.79,1.1527065,0.7817205,0.34581195,0.23451615,1,1.05,500,20,0.073,0.07665,0.00365,0.13979646,0.06314646
365,רנן,6.10,plantations,subtropical,Plantations and Citrus in covered area,Net Cover,1815,Merhavim,South,6066.76,0.96,0.65,0.9632205,0.6532185,0.28896615,0.19596555,1,1,1000,5,0.0305,0.0305,0,0.09668622,0.06618622
492,רנן,3.10,vegetables,tomatoes,Vegetables in covered area,Greenhouse,1815,Merhavim,South,3103.14,0.49,0.33,0.4895055,0.3319635,0.14685165,0.09958905,1,1.1,2000,6,0.0372,0.04092,0.00372,0.06438762,0.02346762
22,רעים,183.50,field crops,field crops general,Vegetables & field crops in uncovered area,Open Area,1825,Eshkol,South,183460.00,29.13,19.75,29.1352125,19.7583625,8.74056375,5.92750875,1,1.04,2000,2,0.734,0.76336,0.02936,2.8290195,2.0656595
73,רעים,180.00,field crops,field crops general,Vegetables & field crops in uncovered area,Open Area,1825,Eshkol,South,179991.00,28.58,19.38,28.5795,19.3815,8.57385,5.81445,1,1.04,2000,2,0.72,0.7488,0.0288,2.77506,2.02626
1014,רעננה,13.99,vegetables,general vegetables,Vegetables & field crops in uncovered area,Open Area,1775,Ra'anana,Center,13990.40,2.16,1.47,2.160431516,1.465120223,0.648129455,0.439536067,1,1.1,2000,5,0.139901669,0.153891835,0.013990167,0.268149528,0.114257693
896,רשפים,237.10,field crops,field crops for silage,Vegetables & field crops in uncovered area,Open Area,1735,Emek Hama'ayanot,North,237093.00,35.79,24.27,35.7890595,24.2707415,10.73671785,7.28122245,1,1.04,2000,4,1.8968,1.972672,0.075872,4.09609218,2.12342018
658,שאר ישוב,6.06,plantations,deciduous,Plantations,Open Area,1725,Mevo'ot Hahermon,North,6060.77,0.91,0.62,0.909570778,0.616835355,0.272871233,0.185050607,1,1,1000,8,0.048486198,0.048486198,0,0.103111962,0.054625763
264,שדה אילן,1.91,flowers,greens,Flowers,Open Area,1755,Hagalil Hatahton,North,1907.27,0.29,0.2,0.291202356,0.197482057,0.087360707,0.059244617,1,1.05,500,20,0.0190721,0.020025705,0.000953605,0.03571327,0.015687565
707,שדה אליעזר,1.03,plantations,olives,Plantations,Open Area,1745,Mevo'ot Hahermon,North,1025.84,0.16,0.11,0.155735263,0.105613569,0.046720579,0.031684071,1,1,1000,8,0.008206581,0.008206581,0,0.017597577,0.009390996
319,שדה יואב,3.10,plantations,subtropical,Plantations,Open Area,1805,Yoav,South,3068.10,0.48,0.33,0.4868085,0.3301345,0.14604255,0.09904035,1,1,1000,5,0.0155,0.0155,0,0.04891614,0.03341614
872,שדה יצחק,1.01,flowers,flowers general,Flowers,Greenhouse,1745,Menashe,Haifa,1006.21,0.15,0.1,0.152753479,0.10359144,0.045826044,0.031077432,1,1.05,500,20,0.010061817,0.010564908,0.000503091,0.018769918,0.00820501
638,שדה נחום,98.50,field crops,field crops general,Vegetables & field crops in uncovered area,Open Area,1735,Emek Hama'ayanot,North,98499.80,14.87,10.08,14.8680825,10.0829525,4.46042475,3.02488575,1,1.04,2000,2,0.394,0.40976,0.01576,1.4558103,1.0460503
433,שדה ניצן,1.10,flowers,flowers nursery,Flowers,Greenhouse,1825,Eshkol,South,1112.95,0.18,0.12,0.1746525,0.1184425,0.05239575,0.03553275,1,1.05,500,20,0.011,0.01155,0.00055,0.0211431,0.0095931
178,שדה ניצן,6.15,plantations,subtropical,Plantations,Open Area,1825,Eshkol,South,6150.71,0.98,0.66,0.976675547,0.662343187,0.293002664,0.198702956,1,1,1000,5,0.030756591,0.030756591,0,0.097935137,0.067178546
118,שדה ניצן,1.50,vegetables,tomatoes,Vegetables in covered area,Greenhouse,1825,Eshkol,South,1485.99,0.24,0.16,0.2381625,0.1615125,0.07144875,0.04845375,1,1.1,2000,6,0.018,0.0198,0.0018,0.0312615,0.0114615
407,שדה עוזיהו,17.30,field crops,field crops general,Vegetables & field crops in uncovered area,Open Area,1805,Be'er Tuvya,South,17289.30,2.72,1.84,2.7167055,1.8423635,0.81501165,0.55270905,1,1.04,2000,2,0.0692,0.071968,0.002768,0.26426442,0.19229642
930,שדה עוזיהו,5.30,vegetables,peppers,Vegetables in covered area,Net House,1805,Be'er Tuvya,South,5302.97,0.83,0.56,0.8322855,0.5644235,0.24968565,0.16932705,1,1.1,2000,7,0.0742,0.08162,0.00742,0.11670282,0.03508282
258,שדי אברהם,6.24,non-processed,non-processed,Not cultivated,Open Area,1835,Eshkol,South,6244.06,1.00,0.68,0.996957761,0.676097792,0.299087328,0.202829338,1,1,0,0,0,0,0,0.081131735,0.081131735
524,שדי חמד,4.32,non-processed,non-processed,Not cultivated,Open Area,1755,Drom Hasharon,Center,4317.60,0.66,0.45,0.659215278,0.447054039,0.197764583,0.134116212,1,1,0,0,0,0,0,0.053646485,0.053646485
387,שדי חמד,3.98,others,open area crops,Vegetables & field crops in uncovered area,Open Area,1755,Drom Hasharon,Center,3979.08,0.61,0.41,0.607530025,0.412003121,0.182259008,0.123600936,1,1,2000,5,0.039789765,0.039789765,0,0.073314233,0.033524469
254,שדי תרומות,41.20,vegetables,periodic spices and herbs,Vegetables & field crops in uncovered area,Open Area,1735,Emek Hama'ayanot,North,41236.70,6.22,4.22,6.218934,4.217438,1.8656802,1.2652314,1,1.1,2000,3,0.2472,0.27192,0.02472,0.66924456,0.39732456
900,שדמות דבורה,21.30,vegetables,general vegetables,Vegetables & field crops in uncovered area,Open Area,1755,Hagalil Hatahton,North,21329.70,3.26,2.21,3.2521905,2.2055085,0.97565715,0.66165255,1,1.1,2000,5,0.213,0.2343,0.0213,0.40524102,0.17094102
725,שדמות מחולה,661.00,field crops,field crops general,Vegetables & field crops in uncovered area,Open Area,1735,Jordan valley,Other,661002.00,99.77,67.66,99.774645,67.663265,29.9323935,20.2989795,1,1.04,2000,2,2.644,2.74976,0.10576,9.7694478,7.0196878
807,שדמות מחולה,101.80,vegetables,general vegetables,Vegetables & field crops in uncovered area,Open Area,1725,Jordan valley,Other,101847.00,15.28,10.37,15.277635,10.360695,4.5832905,3.1082085,1,1.1,2000,5,1.018,1.1198,0.1018,1.9151634,0.7953634
954,שדמות מחולה,16.30,citrus,other citrus,Citrus,Open Area,1735,Jordan valley,Other,16295.20,2.46,1.67,2.4604035,1.6685495,0.73812105,0.50056485,1,1.03,4000,4,0.2608,0.268624,0.007824,0.36140034,0.09277634
330,שובה,36.70,citrus,peelables,Citrus,Open Area,1815,Sdot Negev,South,36671.60,5.79,3.93,5.7951135,3.9300195,1.73853405,1.17900585,1,1.03,4000,6,0.8808,0.907224,0.026424,1.01593674,0.10871274
863,שומרה,1.83,plantations,deciduous,Plantations,Open Area,1725,Ma'ale Yosef,North,1831.50,0.27,0.19,0.274851246,0.186393374,0.082455374,0.055918012,1,1,1000,8,0.014651407,0.014651407,0,0.031158049,0.016506642
349,שומריה,89.50,field crops,field crops for seeds,Vegetables & field crops in uncovered area,Open Area,1815,Bnei Shim'on,South,89515.40,14.13,9.59,14.1324975,9.5841075,4.23974925,2.87523225,1,1.04,2000,2,0.358,0.37232,0.01432,1.3734849,1.0011649
572,שוקדה,6.96,vegetables,general vegetables,Vegetables & field crops in uncovered area,Open Area,1815,Sdot Negev,South,6961.55,1.10,0.75,1.099330042,0.745522672,0.329799013,0.223656802,1,1.1,2000,5,0.069619711,0.076581682,0.006961971,0.13541173,0.058830048
468,שחר,3.60,flowers,flowers nursery,Flowers,Greenhouse,1795,Lahish,South,3649.08,0.57,0.39,0.562194,0.381258,0.1686582,0.1143774,1,1.05,500,20,0.036,0.0378,0.0018,0.06843096,0.03063096
797,שחר,3.90,flowers,flowers nursery,Flowers,Greenhouse,1795,Lahish,South,3895.52,0.61,0.41,0.6090435,0.4130295,0.18271305,0.12390885,1,1.05,500,20,0.039,0.04095,0.00195,0.07413354,0.03318354
403,שיבולים,8.30,vegetables,general vegetables,Vegetables & field crops in uncovered area,Open Area,1815,Sdot Negev,South,8307.96,1.31,0.89,1.3106115,0.8888055,0.39318345,0.26664165,1,1.1,2000,5,0.083,0.0913,0.0083,0.16143666,0.07013666
388,שיבולים,19.00,vegetables,periodic spices and herbs,Vegetables & field crops in uncovered area,Open Area,1805,Sdot Negev,South,18999.00,2.98,2.02,2.983665,2.023405,0.8950995,0.6070215,1,1.1,2000,3,0.114,0.1254,0.0114,0.3180486,0.1926486
205,שילה,11.00,plantations,olives,Plantations,Open Area,1815,Mateh Binyamin,Other,11024.90,1.74,1.18,1.736955,1.177935,0.5210865,0.3533805,1,1,1000,8,0.088,0.088,0,0.1941522,0.1061522
169,שלווה,7.30,field crops,field crops general,Vegetables & field crops in uncovered area,Open Area,1795,Shafir,South,7322.92,1.14,0.78,1.1400045,0.7731065,0.34200135,0.23193195,1,1.04,2000,2,0.0292,0.030368,0.001168,0.11099358,0.08062558
510,שמרת,16.30,plantations,subtropical,Plantations,Open Area,1755,Ako (Acre),North,16308.00,2.49,1.69,2.4887655,1.6877835,0.74662965,0.50633505,1,1,1000,5,0.0815,0.0815,0,0.25143402,0.16993402
8,שניר,12.60,citrus,peelables,Citrus,Open Area,1725,Hagalil Ha'elyon,North,12598.60,1.89,1.28,1.890945,1.282365,0.5672835,0.3847095,1,1.03,4000,6,0.3024,0.311472,0.009072,0.340767,0.029295
363,שניר,5.90,citrus,peelables,Citrus,Open Area,1725,Hagalil Ha'elyon,North,5870.82,0.88,0.6,0.8854425,0.6004725,0.26563275,0.18014175,1,1.03,4000,6,0.1416,0.145848,0.004248,0.1595655,0.0137175
747,שניר,10.64,plantations,subtropical,Plantations,Open Area,1725,Hagalil Ha'elyon,North,10642.20,1.60,1.08,1.597138622,1.083116997,0.479141587,0.324935099,1,1,1000,5,0.053211348,0.053211348,0,0.161900849,0.1086895
345,שעב,8.50,plantations,olives,Plantations,Open Area,1725,Sha'ab,North,8503.75,1.28,0.87,1.276146073,0.865432394,0.382843822,0.259629718,1,1,1000,8,0.06802711,0.06802711,0,0.144668153,0.076641043
428,שעל,1.40,plantations,berries,Plantations and Citrus in covered area,Net Cover,1775,Golan,North,1368.58,0.21,0.14,0.216195,0.146615,0.0648585,0.0439845,1,1,1000,25,0.035,0.035,0,0.0385938,0.0035938
124,שעל,5.50,plantations,deciduous,Plantations,Open Area,1775,Golan,North,5517.60,0.85,0.58,0.8493375,0.5759875,0.25480125,0.17279625,1,1,1000,8,0.044,0.044,0,0.0955185,0.0515185
847,שעל,2.20,plantations,deciduous,Plantations,Open Area,1765,Golan,North,2219.42,0.34,0.23,0.337821,0.229097,0.1013463,0.0687291,1,1,1000,8,0.0176,0.0176,0,0.03805164,0.02045164
547,שעל,1.50,plantations,vineyard,Plantations,Open Area,1765,Golan,North,1547.86,0.24,0.16,0.2303325,0.1562025,0.06909975,0.04686075,1,1,1000,20,0.03,0.03,0,0.0367443,0.0067443
857,שעל,22.70,plantations,vineyard,Plantations,Open Area,1765,Golan,North,22727.70,3.49,2.37,3.4856985,2.3638645,1.04570955,0.70915935,1,1,1000,20,0.454,0.454,0,0.55606374,0.10206374
150,שער העמקים,7.00,plantations,subtropical,Plantations,Open Area,1745,Zevulun,Haifa,6975.84,1.06,0.72,1.062705,0.720685,0.3188115,0.2162055,1,1,1000,5,0.035,0.035,0,0.1074822,0.0724822
902,שערי תקוה,0.30,others,greenhouse crops,Vegetables in covered area,Greenhouse,1755,Samaria,Other,268.48,0.04,0.03,0.0458055,0.0310635,0.01374165,0.00931905,1,1,2000,5,0.003,0.003,0,0.00552762,0.00252762
1009,שפיר,8.80,plantations,deciduous,Plantations,Open Area,1795,Be'er Tuvya,South,8751.19,1.37,0.93,1.374252,0.931964,0.4122756,0.2795892,1,1,1000,8,0.0704,0.0704,0,0.15407568,0.08367568
924,שפלת יהודה מא 26,16.70,plantations,vineyard,Plantations,Open Area,1765,Ma'te Yehuda,Jerusalem,16675.30,2.56,1.74,2.5643685,1.7390545,0.76931055,0.52171635,1,1,1000,20,0.334,0.334,0,0.40908654,0.07508654
154,שפר,8.90,plantations,deciduous,Plantations,Open Area,1735,Mevo'ot Hahermon,North,8851.41,1.34,0.91,1.3434105,0.9110485,0.40302315,0.27331455,1,1,1000,8,0.0712,0.0712,0,0.15204582,0.08084582
24,שפרעם,11.70,plantations,olives,Plantations,Open Area,1745,Shfar'am,North,11658.00,1.77,1.2,1.7762355,1.2045735,0.53287065,0.36137205,1,1,1000,8,0.0936,0.0936,0,0.20070882,0.10710882
503,שפרעם,3.00,plantations,olives,Plantations,Open Area,1745,Shfar'am,North,3049.22,0.46,0.31,0.455445,0.308865,0.1366335,0.0926595,1,1,1000,8,0.024,0.024,0,0.0514638,0.0274638
860,שפרעם,3.40,plantations,olives,Plantations,Open Area,1755,Shfar'am,North,3371.92,0.51,0.35,0.519129,0.352053,0.1557387,0.1056159,1,1,1000,8,0.0272,0.0272,0,0.05856636,0.03136636
919,שפרעם,0.90,plantations,olives,Plantations,Open Area,1745,Shfar'am,North,882.14,0.13,0.09,0.1366335,0.0926595,0.04099005,0.02779785,1,1,1000,8,0.0072,0.0072,0,0.01543914,0.00823914
697,שקף,10.30,non-processed,non-processed,Not cultivated,Open Area,1785,Lahish,South,10340.10,1.61,1.09,1.5995385,1.0847445,0.47986155,0.32542335,1,1,0,0,0,0,0,0.13016934,0.13016934
758,שקף,8.60,plantations,vineyard,Plantations,Open Area,1785,Lahish,South,8597.63,1.34,0.91,1.335537,0.905709,0.4006611,0.2717127,1,1,1000,20,0.172,0.172,0,0.21188508,0.03988508
490,שרונה,8.00,field crops,field crops general,Vegetables & field crops in uncovered area,Open Area,1755,Hagalil Hatahton,North,7979.68,1.22,0.83,1.22148,0.82836,0.366444,0.248508,1,1.04,2000,2,0.032,0.03328,0.00128,0.1193712,0.0860912
126,שריד,8.60,citrus,lemon-like,Citrus,Open Area,1745,Emek Yizrael,North,8568.88,1.30,0.88,1.305609,0.885413,0.3916827,0.2656239,1,1.03,4000,4,0.1376,0.141728,0.004128,0.19128636,0.04955836
513,שתולים,32.40,plantations,deciduous,Plantations,Open Area,1805,Be'er Tuvya,South,32364.20,5.08,3.45,5.087934,3.450438,1.5263802,1.0351314,1,1,1000,8,0.2592,0.2592,0,0.56957256,0.31037256
324,שתולים,13.50,field crops,field crops general,Vegetables & field crops in uncovered area,Open Area,1805,Be'er Tuvya,South,13504.50,2.12,1.44,2.1199725,1.4376825,0.63599175,0.43130475,1,1.04,2000,2,0.054,0.05616,0.00216,0.2062179,0.1500579
566,תומר,5.20,non-processed,non-processed,Not cultivated,Open Area,1765,Jordan valley,Other,5230.54,0.80,0.54,0.798486,0.541502,0.2395458,0.1624506,1,1,0,0,0,0,0,0.06498024,0.06498024
187,תומר,5.60,vegetables,peppers,Vegetables in covered area,Net House,1755,Jordan valley,Other,5611.32,0.86,0.58,0.855036,0.579852,0.2565108,0.1739556,1,1.1,2000,7,0.0784,0.08624,0.00784,0.12132624,0.03508624
408,תומר,7.70,vegetables,peppers,Vegetables in covered area,Net House,1765,Jordan valley,Other,7725.75,1.19,0.8,1.1823735,0.8018395,0.35471205,0.24055185,1,1.1,2000,7,0.1078,0.11858,0.01078,0.16736874,0.04878874
538,תומר,11.80,vegetables,periodic vegetables,Vegetables & field crops in uncovered area,Open Area,1765,Jordan valley,Other,11750.90,1.80,1.22,1.811949,1.228793,0.5435847,0.3686379,1,1.1,2000,5,0.118,0.1298,0.0118,0.22533516,0.09553516
430,תידהר,12.30,vegetables,periodic vegetables,Vegetables & field crops in uncovered area,Open Area,1805,Bnei Shim'on,South,12253.20,1.92,1.3,1.9315305,1.3098885,0.57945915,0.39296655,1,1.1,2000,5,0.123,0.1353,0.0123,0.23836662,0.10306662
541,תירוש,7.14,field crops,field crops general,Vegetables & field crops in uncovered area,Open Area,1775,Ma'te Yehuda,Jerusalem,7135.64,1.10,0.75,1.101901665,0.747266646,0.330570499,0.224179994,1,1.04,2000,2,0.028542054,0.029683736,0.001141682,0.107482239,0.077798503
190,תירוש,21.60,others,open area crops,Vegetables & field crops in uncovered area,Open Area,1765,Ma'te Yehuda,Jerusalem,21592.40,3.32,2.25,3.316788,2.249316,0.9950364,0.6747948,1,1,2000,5,0.216,0.216,0,0.39951792,0.18351792
895,תל אביב-יפו,7.38,citrus,grapefruits,Citrus,Open Area,1775,Ramat Hasharon,Tel Aviv,7378.02,1.14,0.77,1.139335052,0.772652507,0.341800516,0.231795752,1,1.03,4000,4,0.118046695,0.121588096,0.003541401,0.165671158,0.044083063
374,תל מונד,3.30,plantations,general plantation,Plantations,Open Area,1765,Tel Mond,Center,3332.75,0.51,0.35,0.5067315,0.3436455,0.15201945,0.10309365,1,1,1000,5,0.0165,0.0165,0,0.05113746,0.03463746
80,תל מונד,10.34,non-processed,non-processed,Not cultivated,Open Area,1765,Tel Mond,Center,10339.20,1.59,1.08,1.587612737,1.076656913,0.476283821,0.322997074,1,1,0,0,0,0,0,0.12919883,0.12919883
702,תל מונד,7.10,citrus,orange-like,Citrus,Open Area,1765,Tel Mond,Center,7057.27,1.08,0.73,1.0902405,0.7393585,0.32707215,0.22180755,1,1.03,4000,4,0.1136,0.117008,0.003408,0.15892782,0.04191982
778,תל עדשים,38.70,field crops,field crops general,Vegetables & field crops in uncovered area,Open Area,1745,Emek Yizrael,North,38681.50,5.87,3.98,5.8752405,3.9843585,1.76257215,1.19530755,1,1.04,2000,2,0.1548,0.160992,0.006192,0.57471822,0.41372622
1001,תל עדשים,37.90,vegetables,general vegetables,Vegetables & field crops in uncovered area,Open Area,1745,Emek Yizrael,North,37907.30,5.75,3.9,5.7537885,3.9019945,1.72613655,1.17059835,1,1.1,2000,5,0.379,0.4169,0.0379,0.71837934,0.30147934
312,תל שבע,120.20,others,open area crops,Vegetables & field crops in uncovered area,Open Area,1845,Tel Sheva,South,120187.00,19.29,13.08,19.293903,13.084371,5.7881709,3.9253113,1,1,2000,5,1.202,1.202,0,2.29132452,1.08932452
326,תלמי אליהו,8.40,vegetables,general vegetables,Vegetables & field crops in uncovered area,Open Area,1825,Eshkol,South,8420.58,1.34,0.91,1.33371,0.90447,0.400113,0.271341,1,1.1,2000,5,0.084,0.0924,0.0084,0.1639764,0.0715764
1012,תלמי אליהו,4.90,vegetables,tomatoes,Vegetables & field crops in uncovered area,Open Area,1825,Eshkol,South,4895.93,0.78,0.53,0.777423395,0.527218164,0.233227019,0.158165449,1,1.1,2000,6,0.05875661,0.064632271,0.005875661,0.102045542,0.037413271
72,תלמי אלעזר,10.52,plantations,general plantation,Plantations,Open Area,1735,Menashe,Haifa,10518.60,1.59,1.08,1.587679808,1.076702398,0.476303942,0.32301072,1,1,1000,5,0.052591335,0.052591335,0,0.160759089,0.108167754
64,תלמי אלעזר,9.90,citrus,peelables,Citrus,Open Area,1735,Menashe,Haifa,9897.16,1.49,1.01,1.4943555,1.0134135,0.44830665,0.30402405,1,1.03,4000,6,0.2376,0.244728,0.007128,0.26844642,0.02371842
34,תלמי יוסף,15.40,vegetables,general vegetables,Vegetables & field crops in uncovered area,Open Area,1835,Eshkol,South,15433.00,2.46,1.67,2.458533,1.667281,0.7375599,0.5001843,1,1.1,2000,5,0.154,0.1694,0.0154,0.30171372,0.13231372
962,תלמי יוסף,20.70,vegetables,general vegetables,Vegetables & field crops in uncovered area,Open Area,1835,Eshkol,South,20665.10,3.30,2.24,3.3046515,2.2410855,0.99139545,0.67232565,1,1.1,2000,5,0.207,0.2277,0.0207,0.40555026,0.17785026
231,תלמי יוסף,10.10,plantations,non-processed,Not cultivated,Open Area,1835,Eshkol,South,10133.90,1.62,1.1,1.6124145,1.0934765,0.48372435,0.32804295,1,1,0,0,0,0,0,0.13121718,0.13121718
587,תלמי יחיאל,1.90,vegetables,peppers,Vegetables in covered area,Greenhouse,1795,Be'er Tuvya,South,1876.77,0.29,0.2,0.2967135,0.2012195,0.08901405,0.06036585,1,1.1,2000,7,0.0266,0.02926,0.00266,0.04170234,0.01244234
486,תלמי יפה,80.30,field crops,field crops general,Vegetables & field crops in uncovered area,Open Area,1805,Hof Ashkelon,South,80335.50,12.62,8.56,12.6099105,8.5515485,3.78297315,2.56546455,1,1.04,2000,2,0.3212,0.334048,0.012848,1.22661462,0.89256662
575,תעוז,1.50,field crops,field crops general,Vegetables & field crops in uncovered area,Open Area,1755,Ma'te Yehuda,Jerusalem,1497.80,0.23,0.16,0.2290275,0.1553175,0.06870825,0.04659525,1,1.04,2000,2,0.006,0.00624,0.00024,0.0223821,0.0161421
454,תפרח,37.78,others,open area crops,Vegetables & field crops in uncovered area,Open Area,1815,Merhavim,South,37781.40,5.97,4.05,5.966016418,4.04591918,1.789804926,1.213775754,1,1,2000,5,0.377823148,0.377823148,0,0.71220419,0.334381042
418,תקומה,16.70,citrus,lemon-like,Citrus,Open Area,1815,Sdot Negev,South,16688.30,2.64,1.79,2.6370135,1.7883195,0.79110405,0.53649585,1,1.03,4000,4,0.2672,0.275216,0.008016,0.37972794,0.10451194
